Date,Open,High,Low,Close,Volume
2016-01-04,2889.23,2890.21,2824.94,2835.97,202487504
2016-01-05,2836.8,2846.27,2820.42,2834.23,235761904
2016-01-06,2838.56,2844.06,2800.78,2804.27,248137296
2016-01-07,2797.18,2797.59,2726.92,2729.91,460824000
2016-01-08,2710.33,2760.89,2697.94,2751.23,461972288
2016-01-11,2725.1,2726.56,2690.26,2708.85,325848512
2016-01-12,2709.57,2721.47,2687.91,2691.78,291899104
2016-01-13,2712.69,2717.36,2670.4,2696.5,291286208
2016-01-14,2655.05,2663.51,2642.01,2644.57,302278688
2016-01-15,2656.87,2663.34,2626.81,2630.76,263746304
2016-01-18,2593.6,2604.4,2578.09,2593,279297888
2016-01-19,2585.99,2638.47,2582.31,2638.47,331565088
2016-01-20,2612.53,2616.36,2557.84,2559.77,320155968
2016-01-21,2581.11,2601.56,2529.01,2532.7,355033952
2016-01-22,2578.99,2595.01,2549.44,2577.09,393464096
2016-01-25,2601.84,2622.33,2580.36,2582.64,300185152
2016-01-26,2565.81,2576.76,2539.74,2545.61,252772096
2016-01-27,2579.14,2584.06,2546.18,2546.18,277086784
2016-01-28,2541.57,2563.82,2540.71,2562.45,239983504
2016-01-29,2569.76,2629.11,2553.78,2629.11,414496608
2016-02-01,2637.05,2644.68,2597.06,2602.41,378638720
2016-02-02,2587.23,2602.36,2578.27,2579.23,314873216
2016-02-03,2551.23,2558.66,2528.44,2550.74,283684704
2016-02-04,2561.91,2579.18,2554.08,2558.49,276667296
2016-02-05,2569.08,2623.21,2568.38,2623.21,362363072
2016-02-10,2559.64,2582.87,2538.79,2582.1,369871200
2016-02-11,2556.52,2572.01,2537.11,2538.28,288831712
2016-02-12,2536.55,2555.53,2531.79,2539.95,329703616
2016-02-15,2565.95,2613.44,2561.44,2607.9,375507808
2016-02-16,2602.83,2656.33,2585.53,2644.58,386540704
2016-02-17,2652.55,2654.91,2607.15,2613.79,379890400
2016-02-18,2646.68,2668.22,2643.09,2657.57,448232544
2016-02-19,2660.62,2661.44,2642.84,2656.87,272948704
2016-02-22,2653.79,2669.38,2652.92,2660.65,303240800
2016-02-23,2680.04,2684.79,2665.06,2672.07,369432512
2016-02-24,2654.65,2661.58,2614.49,2619.96,417016608
2016-02-25,2639.98,2642.86,2588.83,2603.4,284744608
2016-02-26,2626.63,2653.74,2618.36,2649.38,294221312
2016-02-29,2666.07,2667.83,2638.75,2666.51,341817600
2016-03-01,2666.71,2682.39,2654.98,2682.39,344114048
2016-03-02,2718.27,2738.57,2713.14,2726.96,357641728
2016-03-03,2735.42,2787.62,2735.42,2787.62,534012992
2016-03-04,2792.96,2837,2791.82,2837,532237408
2016-03-07,2843.66,2850.52,2809.72,2823.51,475889408
2016-03-08,2821.99,2826.75,2773.19,2778.77,384331008
2016-03-09,2783.64,2813.64,2770.26,2810.43,387755296
2016-03-10,2828.14,2829.07,2798.7,2809.12,247779008
2016-03-11,2807.94,2830.47,2789.63,2828.86,252990016
2016-03-14,2849.41,2867.2,2841.51,2847.06,237822704
2016-03-15,2851.92,2857.3,2828.68,2839.44,217646800
2016-03-16,2845.09,2854.87,2833.08,2844.21,200375808
2016-03-17,2872.13,2884.4,2865.81,2880.17,319494400
2016-03-18,2894.63,2906.8,2886.57,2906.8,425346016
2016-03-21,2905.49,2906.26,2867.01,2880.69,189147328
2016-03-22,2884.84,2901.34,2868.95,2880.65,284848992
2016-03-23,2888.67,2895.97,2874.15,2881.98,261404176
2016-03-24,2867.64,2869.81,2840.53,2847.39,230834208
2016-03-28,2848.72,2855.12,2821.58,2830.29,144035600
2016-03-29,2836.42,2836.85,2816.52,2819.08,193657600
2016-03-30,2844.91,2874.26,2840.82,2872.78,282140000
2016-03-31,2832.63,2855.45,2831.11,2840.9,283030496
2016-04-01,2829.83,2834.62,2808.02,2818.49,222024992
2016-04-04,2826.42,2846.09,2817.51,2835.35,158708704
2016-04-05,2810.54,2814.5,2783.73,2800.92,238260800
2016-04-06,2793.71,2817.41,2791.02,2811.25,198029200
2016-04-07,2817.8,2835.32,2809.56,2813.59,163929104
2016-04-08,2791.14,2809.11,2783.84,2808.32,161923600
2016-04-11,2797.36,2817.56,2794.15,2809.24,160293696
2016-04-12,2810.73,2815.89,2802.65,2814.65,138637296
2016-04-13,2841.07,2890.41,2839.34,2890.41,322826912
2016-04-14,2917.85,2924.24,2909.04,2913.93,273594240
2016-04-15,2917.16,2925.83,2905.06,2923.94,186228800
2016-04-18,2901.4,2917.75,2892.74,2917.75,176888192
2016-04-19,2931.98,2954.18,2930.83,2951.81,314517312
2016-04-20,2955.07,2959.59,2929.71,2949.95,224168000
2016-04-21,2952.13,2964.1,2941.7,2960.78,225726960
2016-04-22,2940.05,2946,2930.06,2940.43,235786800
2016-04-25,2930.61,2933.26,2886.25,2900.28,181396000
2016-04-26,2886.19,2899.11,2873.52,2894.66,215160096
2016-04-27,2883.15,2892.12,2870.28,2874.72,230473104
2016-04-28,2892.85,2900.25,2857.16,2862.3,257146352
2016-04-29,2857.62,2858.28,2834.62,2838.52,274973888
2016-05-03,2842.86,2848.9,2806.32,2811.2,217019600
2016-05-04,2786.35,2795.65,2761.93,2773.07,320259584
2016-05-05,2754.64,2773.43,2749.84,2767.81,250736000
2016-05-06,2747.06,2752.18,2722.6,2730.8,294710208
2016-05-09,2745.36,2766.06,2734.31,2766.06,238216304
2016-05-10,2746.47,2763.29,2736.18,2741.15,234014096
2016-05-11,2758.98,2763.45,2720.77,2732.87,301136896
2016-05-12,2729.14,2747.53,2723.92,2745.39,218359696
2016-05-13,2735.69,2738.61,2713.47,2734.91,263425104
2016-05-16,2726.31,2741.84,2721.7,2736.06,299825504
2016-05-17,2744.26,2788.65,2744.08,2781.11,366097312
2016-05-18,2764.11,2791.18,2759.5,2777.11,316596512
2016-05-19,2771.22,2775.45,2731.48,2740.11,342423904
2016-05-20,2744.38,2768.65,2738.03,2763.82,265124096
2016-05-23,2761.79,2775.37,2740.82,2766.93,173205600
2016-05-24,2760.74,2766.23,2742.65,2750.23,199460800
2016-05-25,2786.18,2790.3,2766.66,2766.66,180492320
2016-05-26,2783.85,2791.46,2772.23,2773.31,192407696
2016-05-27,2782.04,2805.63,2778.22,2802.51,217798224
2016-05-30,2796.15,2807.66,2786.95,2796.75,129522704
2016-05-31,2829.33,2834.04,2791.06,2791.06,421249408
2016-06-01,2787.99,2796.49,2778.65,2790.54,248867360
2016-06-02,2789.15,2806.1,2787.87,2795.09,209291104
2016-06-03,2808.51,2816.26,2803.53,2809.23,189175712
2016-06-06,2819.07,2833.79,2816.89,2831.28,168277696
2016-06-07,2844.8,2853.64,2840.12,2848.09,214033200
2016-06-08,2848.48,2867.1,2846.5,2862.38,189134304
2016-06-09,2871.79,2881.92,2843.8,2843.8,189507808
2016-06-10,2850.05,2851.53,2812.5,2822.97,193951808
2016-06-13,2786.35,2793.3,2771.86,2785.43,203217296
2016-06-14,2770.96,2789.06,2763.53,2768.33,171260704
2016-06-15,2760.8,2779.28,2759.02,2774.25,182306496
2016-06-16,2768.95,2770.99,2744.31,2751.56,249981152
2016-06-17,2770.63,2774.35,2748.65,2763.42,247384496
2016-06-20,2785.16,2802.25,2782.72,2800.87,165257648
2016-06-21,2801.74,2809.2,2788.64,2789.45,181680096
2016-06-22,2797.33,2815.22,2786.13,2786.13,181313600
2016-06-23,2806.84,2810.44,2793.85,2793.85,150516896
2016-06-24,2807.71,2807.71,2715.76,2735.39,390205504
2016-06-27,2722.16,2750.27,2709.56,2729.85,255142640
2016-06-28,2705.07,2767.38,2703.48,2756.53,262929504
2016-06-29,2769.06,2801.48,2767.44,2792.73,232580848
2016-06-30,2880.72,2880.72,2831.72,2840.93,413568576
2016-07-01,2848.45,2850.18,2832.55,2846.37,197970000
2016-07-04,2855.36,2874.9,2842.32,2870.56,269548896
2016-07-05,2870.84,2873.67,2854.16,2864.67,197580704
2016-07-07,2859.81,2867.23,2854.21,2862.17,223207808
2016-07-08,2859.47,2862.23,2830,2847.04,174535392
2016-07-11,2882.28,2884.58,2868.8,2876.14,187370592
2016-07-12,2882.95,2901.82,2878.1,2901.82,220512432
2016-07-13,2914.79,2917.42,2899.92,2910.65,229019296
2016-07-14,2910.85,2913.65,2903.17,2906.92,74341600
2016-07-15,2932.35,2939.03,2915.15,2925.35,329168896
2016-07-18,2930.64,2941.15,2923.75,2928.76,260203920
2016-07-19,2927.51,2931.44,2902.41,2919.54,222193696
2016-07-20,2934.73,2953.13,2917.14,2945.74,320652896
2016-07-21,2946.37,2958.9,2936.46,2940.48,218449200
2016-07-22,2925.64,2945.35,2925.05,2945.35,195960608
2016-07-25,2951.34,2955.96,2929.85,2929.85,234100800
2016-07-26,2917.17,2934.02,2902.26,2933.44,258645696
2016-07-27,2935.58,2941.76,2924.85,2941.49,193361904
2016-07-28,2928.58,2928.85,2911.09,2918.62,172177904
2016-07-29,2887.35,2896.19,2865.66,2868.69,326726656
2016-08-01,2875.59,2898.27,2874.38,2892.52,351664512
2016-08-02,2869.94,2879.67,2847.98,2856.67,232749792
2016-08-03,2828.52,2839.43,2810.88,2827.58,234640368
2016-08-04,2839.11,2844.13,2826.35,2831.96,207853200
2016-08-05,2837.65,2839.36,2821.61,2828.17,244724400
2016-08-08,2850.86,2884.84,2849.07,2870.78,237224400
2016-08-10,2876.4,2893.34,2869.25,2875.57,255574640
2016-08-11,2858.6,2880.7,2853.29,2869.82,241068992
2016-08-12,2881.34,2883.16,2856.94,2867.4,202781504
2016-08-15,2857.72,2874.32,2855.82,2867.21,158966304
2016-08-16,2879.12,2880.71,2858.8,2858.8,200078000
2016-08-17,2855.57,2859.77,2841.46,2843.35,179631904
2016-08-18,2840.09,2849.54,2830.1,2836.98,192964400
2016-08-19,2848.44,2849,2835.56,2844.02,173112672
2016-08-22,2843.76,2847.43,2831.15,2841.19,118131504
2016-08-23,2841.6,2850.43,2834.87,2850.43,167018800
2016-08-24,2845.3,2870.72,2843.12,2869.57,159036800
2016-08-25,2868.64,2879.58,2865.92,2876.93,162570000
2016-08-26,2876.58,2878.1,2854.13,2857.65,153284688
2016-08-29,2844.21,2853.07,2828.82,2829.43,167551776
2016-08-30,2846.18,2846.38,2823.91,2828.39,167174000
2016-08-31,2822.68,2833.42,2816.64,2820.59,249951104
2016-09-01,2821.93,2836.23,2809.52,2816.47,190718064
2016-09-02,2807.43,2820.03,2795.24,2803.92,214946400
2016-09-05,2828.49,2853.15,2827.31,2851.74,183167488
2016-09-06,2856.47,2905.84,2854.4,2896.55,352060512
2016-09-07,2899.02,2911.84,2887.06,2893.65,186314000
2016-09-08,2894.38,2898.04,2878.56,2894.48,212110096
2016-09-09,2878.3,2880.17,2863.47,2873.33,179426160
2016-09-13,2829.41,2847.5,2815.48,2818.38,317223296
2016-09-14,2819.34,2822.39,2800.07,2809.35,257791504
2016-09-15,2798.43,2809.55,2791.38,2805.52,228469440
2016-09-16,2810.43,2832.04,2810.43,2827.45,182947600
2016-09-19,2830.67,2852.14,2824.88,2852.14,167074496
2016-09-20,2844.32,2854.69,2840.95,2854.69,206268704
2016-09-21,2845.28,2859.43,2837.48,2850.74,197819808
2016-09-22,2876.35,2876.35,2836.5,2846.06,166841296
2016-09-23,2853.65,2860.88,2826.6,2856.95,199035504
2016-09-26,2851.74,2857,2840.65,2849.94,146974304
2016-09-27,2833.04,2865.7,2831.87,2860.23,191141328
2016-09-28,2863.38,2866.22,2849.82,2858.01,135934944
2016-09-29,2870.09,2885.71,2868.08,2885.71,180172000
2016-09-30,2859.7,2869.47,2847.3,2869.47,225403648
2016-10-03,2879.85,2888.33,2861.95,2870.84,123801416
2016-10-04,2871.17,2885.15,2870.66,2884.64,170232496
2016-10-05,2871.49,2891.24,2870.45,2881.79,156552496
2016-10-06,2896.55,2901.73,2883.91,2885.22,179301904
2016-10-07,2890.69,2891.53,2867.53,2875.24,159516144
2016-10-10,2869.85,2874.55,2863.33,2870.24,110437688
2016-10-11,2872.79,2876.88,2849.12,2856.13,186582448
2016-10-12,2841.04,2844.85,2813.71,2813.71,328015072
2016-10-13,2805.17,2808.67,2783.33,2805.48,245597920
2016-10-14,2805.05,2817.26,2803.82,2815.24,221388912
2016-10-17,2811.42,2817.07,2793.55,2817.07,207862304
2016-10-18,2815.73,2830.71,2814.91,2830.63,196209184
2016-10-19,2830.07,2844.62,2824.8,2844.62,173340080
2016-10-20,2853.82,2856.65,2834.85,2842.62,172078096
2016-10-21,2842.46,2842.79,2818.87,2831.06,144109296
2016-10-24,2842.46,2857.26,2834.07,2856.68,170416000
2016-10-25,2854.36,2860.74,2851.26,2854.05,175890096
2016-10-26,2845.53,2846.69,2825.07,2828.57,149853728
2016-10-27,2831.14,2836.96,2820.82,2828.94,164538800
2016-10-28,2823.71,2825.64,2806.31,2816.26,174329328
2016-10-31,2795.13,2821.67,2794.85,2813.87,198567600
2016-11-01,2814.08,2832.37,2811.68,2813.69,190771296
2016-11-02,2799.13,2813.1,2796.71,2807.14,305046848
2016-11-03,2801.6,2807.61,2789.56,2802.08,268183264
2016-11-04,2797.63,2799.57,2784.26,2788.8,362369728
2016-11-07,2800.53,2815.43,2793.45,2800.95,285406688
2016-11-08,2813.91,2825.19,2798.99,2820.24,327422624
2016-11-09,2837,2838.26,2760.97,2789.88,405360064
2016-11-10,2822.87,2839.97,2819.9,2834.09,337175008
2016-11-11,2822.12,2836.35,2803.85,2814.6,401168192
2016-11-14,2807.34,2809.63,2780.96,2787.27,314619648
2016-11-15,2778.73,2808.21,2778.07,2797.55,255548096
2016-11-16,2803.63,2819.4,2793.64,2793.99,300224896
2016-11-17,2797.93,2818.91,2795.47,2813.48,295706784
2016-11-18,2817.45,2840.46,2814.11,2838.65,269744608
2016-11-21,2836.9,2839.6,2816.67,2816.67,413332000
2016-11-22,2835.91,2839.95,2822.2,2822.2,405241792
2016-11-23,2834.11,2841.39,2828.55,2839.69,325734880
2016-11-24,2834.4,2852.34,2813.78,2843.72,308119776
2016-11-25,2845.47,2870.39,2844.35,2859.33,264611200
2016-11-28,2864.11,2889.85,2862.15,2874.65,283952864
2016-11-29,2881.78,2882.11,2867.87,2879.14,280150496
2016-11-30,2915.42,2915.42,2894.99,2905.17,503980480
2016-12-01,2913.65,2928.58,2912.23,2928.58,309863616
2016-12-02,2930.34,2933.33,2914.89,2919.37,322164352
2016-12-05,2918.89,2943.26,2914.68,2943.05,247356000
2016-12-06,2943.3,2955.17,2941.62,2949.12,249452832
2016-12-07,2957.42,2961.4,2948.49,2959.84,264812960
2016-12-08,2965.33,2980.77,2956.03,2958.86,299644800
2016-12-09,2957.53,2964.98,2949.87,2956.13,268152064
2016-12-12,2960.12,2965.37,2937.15,2952.19,218245920
2016-12-13,2952.84,2956.98,2939.56,2955.23,221797152
2016-12-14,2963.28,2969.01,2952.75,2954.06,221612496
2016-12-15,2938.15,2943.79,2921.99,2930.77,251396752
2016-12-16,2934.29,2942.48,2930.32,2937.86,312428640
2016-12-19,2930.01,2931.68,2910.53,2913.08,208267504
2016-12-20,2917.11,2925.28,2903.47,2911.31,239986672
2016-12-21,2912.38,2924.42,2901.7,2901.7,181768400
2016-12-22,2899.65,2902.8,2874.18,2882.04,164046592
2016-12-23,2869.45,2877.88,2866.17,2871.05,135436848
2016-12-27,2861.6,2887.58,2857.91,2885.76,75469400
2016-12-28,2885.68,2900.42,2884.55,2898.3,115513296
2016-12-29,2885.16,2891.22,2878.18,2889.15,108216096
2016-12-30,2898.26,2903.35,2880.76,2880.76,183766896
2017-01-03,2887,2899.67,2869.66,2898.97,174905552
2017-01-04,2897.18,2932.35,2897.18,2921.31,196293792
2017-01-05,2941.47,2968.15,2936.52,2954.14,262652256
2017-01-06,2964.82,2970.79,2954.86,2962.63,229369200
2017-01-09,2962.13,2986.49,2961.97,2981.54,157732992
2017-01-10,2972.93,3006.02,2971.37,3006.02,264776704
2017-01-11,3009.73,3018.9,2995.43,3000.94,237557344
2017-01-12,3010.71,3022.22,2991.41,2993,262037840
2017-01-13,3001.06,3025.84,2999.01,3025.07,243125232
2017-01-16,3024.61,3027.46,2999.53,3013.12,179690688
2017-01-17,3009.92,3012.77,3000.86,3012.77,155391600
2017-01-18,3000.8,3008.26,2988.07,3000.22,242641408
2017-01-19,3004.29,3011.41,2995.15,3008.22,202862768
2017-01-20,3006.44,3016.45,3003.8,3011.08,180893104
2017-01-23,3010.86,3026.92,3008.02,3025.48,217607296
2017-01-24,3024.67,3043.98,3022.53,3041.95,291668608
2017-01-25,3057.98,3061.92,3033.25,3039.94,317624896
2017-01-26,3049.86,3058.98,3044.78,3051.78,286996800
2017-01-27,3064.55,3065.13,3054.64,3064.85,115810552
2017-01-31,3053.7,3056.32,3031.18,3046.8,266284816
2017-02-01,3045.94,3073.37,3041.47,3067.49,253015200
2017-02-02,3063.95,3068.48,3036.76,3044.08,214253600
2017-02-03,3047.08,3048.12,3030.65,3041.94,211895104
2017-02-06,3047.69,3062.9,3040.66,3056.91,239255312
2017-02-07,3053.05,3076.52,3052.3,3071.64,235070208
2017-02-08,3069.2,3072.9,3055.8,3066.53,220375200
2017-02-09,3067.14,3091.28,3067.14,3079.96,264054496
2017-02-10,3090.56,3104.3,3088.72,3100.39,350292896
2017-02-13,3107.64,3118.3,3105.58,3111.63,292014688
2017-02-14,3093.91,3097.21,3064.59,3072.47,245954704
2017-02-15,3081.3,3093.21,3077.64,3088.48,366239808
2017-02-16,3088.84,3096.74,3079.11,3096.69,306196928
2017-02-17,3099.2,3114.7,3099.2,3107.65,276404000
2017-02-20,3106.81,3109.18,3092.82,3096.69,214706400
2017-02-21,3100.93,3101.18,3086.57,3094.19,247478400
2017-02-22,3104.12,3123.79,3101.25,3122.2,317752096
2017-02-23,3119.81,3137.57,3114.79,3137.57,391270016
2017-02-24,3136.24,3138.97,3110.9,3117.03,243832000
2017-02-27,3101.18,3113.63,3094.9,3108.62,243056704
2017-02-28,3095.48,3106.48,3089.91,3096.61,383249792
2017-03-01,3106.3,3129.69,3104.59,3122.77,259929904
2017-03-02,3147.97,3158.26,3123.33,3136.48,345832032
2017-03-03,3121.2,3125.1,3104.33,3122.34,258587392
2017-03-06,3121.96,3128.77,3109.89,3121.51,211460192
2017-03-07,3121.18,3131.65,3120.21,3130.44,261109920
2017-03-08,3128.45,3150.84,3127.19,3145.29,273225216
2017-03-09,3135.71,3137.19,3114.67,3118.84,210705408
2017-03-10,3114.75,3146.38,3106.98,3133.35,253623696
2017-03-13,3139.04,3150.83,3132.23,3147.15,206974896
2017-03-14,3147.94,3152.13,3135.02,3143.4,230883008
2017-03-15,3133.41,3142.5,3116.34,3137.43,242788800
2017-03-16,3155.32,3168.26,3150.16,3163.52,303759520
2017-03-17,3168.92,3177.9,3164.45,3169.38,389760192
2017-03-20,3162.21,3172.74,3147.89,3165.7,211623392
2017-03-21,3170.48,3172.63,3156.77,3158.57,151990304
2017-03-22,3128.26,3131.92,3114.33,3118.19,231618992
2017-03-23,3125.18,3131.23,3117.63,3126.93,186230304
2017-03-24,3129.18,3148.89,3124.47,3142.9,231411200
2017-03-27,3122.05,3133.76,3112.39,3126.88,192648000
2017-03-28,3139.8,3158.97,3139.04,3157.82,222439904
2017-03-29,3166.77,3188.02,3166.21,3184.57,229973344
2017-03-30,3184.44,3187.44,3168.27,3173.24,204946736
2017-03-31,3172.06,3181.61,3171.49,3175.11,319978592
2017-04-03,3180.27,3188.17,3179.62,3187.51,281396448
2017-04-04,3182.32,3189.81,3175.15,3179.06,199631648
2017-04-05,3176.91,3182.44,3157.03,3176.55,242023008
2017-04-06,3167.6,3175.59,3157.36,3175.59,199128992
2017-04-07,3171.22,3177.27,3144.5,3177.27,229150400
2017-04-10,3177.27,3182.44,3170.18,3181.45,210575696
2017-04-11,3180.02,3186.46,3164.21,3174.75,225200800
2017-04-12,3170.58,3186.5,3165.22,3186.01,324663488
2017-04-13,3162.52,3176.63,3160.28,3169.24,177808288
2017-04-17,3159.19,3160.14,3136.93,3138.3,153615904
2017-04-18,3159.88,3162.58,3134.28,3137.54,189341104
2017-04-19,3129.74,3129.87,3113.9,3126.28,261891904
2017-04-20,3119.92,3144.05,3117.97,3137.88,241411296
2017-04-21,3150.09,3156.03,3138.93,3139.83,213594000
2017-04-24,3156.89,3156.89,3129.26,3144.03,218127040
2017-04-25,3145.26,3167.22,3143.22,3163.93,258060400
2017-04-26,3164.12,3176.79,3161.99,3173.76,269416576
2017-04-27,3172.84,3182.11,3164.54,3171.36,219574144
2017-04-28,3172.91,3183.18,3170.14,3175.44,310364736
2017-05-02,3183.43,3212.27,3183.41,3211.11,262754096
2017-05-03,3224.21,3238.94,3221.75,3237.81,171602000
2017-05-04,3236.14,3239.76,3218.41,3228.62,236353600
2017-05-05,3228.27,3235.97,3214.87,3229.73,230101552
2017-05-08,3240.44,3240.44,3226.06,3236.98,292006112
2017-05-09,3247.41,3250.26,3237.69,3249.97,235247296
2017-05-11,3261.08,3274.33,3257.42,3271.11,354217376
2017-05-12,3267.97,3272.02,3253.54,3255.29,314796096
2017-05-15,3262.26,3275.39,3255.2,3264.21,323280512
2017-05-16,3259.14,3259.66,3224.74,3227.71,284307392
2017-05-17,3220.47,3227.26,3207.48,3224.1,231359264
2017-05-18,3192.79,3226.71,3189.7,3221.66,256671104
2017-05-19,3217.84,3226.73,3213.76,3216.92,222176000
2017-05-22,3216.18,3224.25,3208.95,3213.57,218723504
2017-05-23,3220.86,3233.86,3216.18,3222.69,217177824
2017-05-24,3230.6,3233.48,3220.68,3231.24,184244912
2017-05-25,3231.3,3248.17,3229.52,3234.37,235259392
2017-05-26,3227.38,3233.05,3217.67,3219.42,195869520
2017-05-29,3217.25,3221.24,3211.09,3214.55,164841952
2017-05-30,3215.71,3215.71,3195.82,3204.79,161914800
2017-05-31,3202.12,3214.83,3199.83,3210.82,444655904
2017-06-01,3214.12,3235.96,3211.1,3235.96,272633312
2017-06-02,3242.73,3248.12,3233.59,3240.01,189229488
2017-06-05,3242.35,3244.98,3229.26,3238.31,199695504
2017-06-06,3237.51,3242.04,3229.59,3235.75,181822432
2017-06-07,3237.61,3249.57,3230.49,3230.49,203811904
2017-06-08,3236.41,3242.74,3226.64,3237.05,162384304
2017-06-09,3243.03,3260.01,3239.98,3254.19,197132704
2017-06-12,3256.71,3270.92,3243.26,3248.34,207540992
2017-06-13,3253.57,3264.92,3252.62,3257.52,195227680
2017-06-14,3262.82,3264.05,3242.53,3253.43,206798816
2017-06-15,3243.94,3247.36,3226.75,3232.09,231246224
2017-06-16,3235.18,3246.58,3224.19,3231.44,304390784
2017-06-19,3239.08,3251.72,3238.49,3247.18,146076928
2017-06-20,3249.42,3254.9,3226.43,3230.42,208473296
2017-06-21,3213.67,3215.98,3196.49,3201.77,222282304
2017-06-22,3206.11,3226.68,3202.73,3215.55,221768496
2017-06-23,3223.6,3223.6,3200.21,3209.47,295104288
2017-06-27,3216.57,3226.19,3211.52,3219.53,196599376
2017-06-28,3217.5,3221.23,3203.75,3215.7,215703008
2017-06-29,3234.36,3262.12,3234.33,3258.65,226546304
2017-06-30,3243.79,3246.1,3221.84,3226.48,266063088
2017-07-03,3228.91,3234.81,3213.69,3223.46,187892720
2017-07-04,3231.26,3233.39,3204.52,3211.17,190979904
2017-07-05,3209.86,3248.71,3199.98,3248.71,235622704
2017-07-06,3248.89,3251.21,3222.26,3226.34,228567360
2017-07-07,3219.42,3229.67,3210.1,3229.01,188400192
2017-07-10,3237.42,3248.05,3232.96,3246.35,168237296
2017-07-11,3248.55,3249.49,3212.89,3218.8,264932800
2017-07-12,3219.67,3223.36,3196.14,3208.91,271905952
2017-07-13,3219.18,3235.67,3219.18,3235.67,237657488
2017-07-14,3240.18,3287.43,3236.32,3287.43,424256608
2017-07-17,3296.46,3301.37,3287.56,3298.24,274843360
2017-07-18,3291.71,3308.27,3289.45,3306.08,240096608
2017-07-19,3303.01,3327.8,3299.13,3325.07,308903488
2017-07-20,3326.82,3331.13,3287.46,3293.13,274210112
2017-07-21,3292.84,3319.36,3290.93,3314.12,281458400
2017-07-24,3307.18,3314.96,3294.66,3310.8,165106400
2017-07-25,3314.29,3332.55,3313.67,3327.83,238664192
2017-07-26,3336.76,3347.53,3324.19,3336.72,274249504
2017-07-27,3342.77,3354.71,3340.21,3354.71,268725888
2017-07-28,3342.42,3347.06,3319.41,3330.75,223798096
2017-07-31,3338.17,3339.09,3319.57,3329.52,294324384
2017-08-01,3321.5,3338.26,3321.5,3338.2,237858976
2017-08-02,3337.57,3349.09,3321.65,3348.8,238319760
2017-08-03,3335.67,3343.71,3331.72,3342.92,243258592
2017-08-04,3346.62,3346.62,3326.52,3326.52,224960416
2017-08-07,3329.43,3337.95,3314.39,3320.67,153758112
2017-08-08,3325.28,3330.75,3307.64,3318.08,234159392
2017-08-10,3322.07,3342.8,3316.56,3323.24,343140800
2017-08-11,3293.75,3297.23,3277.02,3279.72,311223712
2017-08-14,3296.44,3310.48,3293.78,3308.69,229415504
2017-08-15,3319.84,3322.5,3291.06,3294.93,208300128
2017-08-16,3281.8,3284.89,3259.4,3278.95,215015008
2017-08-17,3267.35,3271.71,3258.66,3268.88,248767040
2017-08-18,3256.25,3270.26,3249.37,3251.99,231769664
2017-08-21,3254.88,3261.63,3244.23,3246.99,192364304
2017-08-22,3254.39,3275.98,3252.13,3263.79,206467104
2017-08-23,3266.29,3278.54,3260,3260.05,210586400
2017-08-24,3267.57,3276.22,3264.8,3272.16,171562352
2017-08-25,3276.41,3276.47,3257.8,3259.57,171917344
2017-08-28,3255.52,3273.27,3252.29,3267.62,132749296
2017-08-29,3255.87,3263.39,3244.55,3249.34,177201888
2017-08-30,3259.13,3269.74,3258.12,3265.26,207264896
2017-08-31,3288.56,3288.94,3274.97,3277.26,416986048
2017-09-04,3274.39,3275.14,3227.36,3230.97,279949088
2017-09-05,3238.03,3258.74,3236.93,3251.26,155716496
2017-09-06,3250.38,3254.89,3223.83,3232.47,214426976
2017-09-07,3241.94,3254.44,3226.9,3228.06,198313792
2017-09-08,3226.65,3236.36,3218.34,3228.56,190941488
2017-09-11,3239.29,3240.9,3222.11,3228.51,200218000
2017-09-12,3240.68,3240.94,3226.23,3235.69,184197856
2017-09-13,3234.84,3237.19,3221.1,3230.36,194163104
2017-09-14,3229.16,3230.39,3209.5,3220.95,209170848
2017-09-15,3211.27,3221.02,3193.41,3209.56,294294592
2017-09-18,3230.38,3246.49,3225.48,3241.85,185241136
2017-09-19,3249.28,3251.47,3220.56,3225.95,189182592
2017-09-20,3220.77,3227.42,3213.66,3218.07,140870304
2017-09-21,3207.61,3218.8,3203.92,3213.82,205169536
2017-09-22,3206.51,3222.05,3201.1,3220.25,186203104
2017-09-25,3231.86,3234.2,3213.68,3215.91,156276976
2017-09-26,3212.93,3217.31,3202.77,3212.04,168494960
2017-09-27,3207.3,3242.37,3205.67,3236.15,163065616
2017-09-28,3242.95,3250.06,3220.07,3227.14,198692400
2017-09-29,3222.72,3225.26,3200.73,3219.91,244464896
2017-10-02,3233.95,3264.89,3231.23,3262.1,164013184
2017-10-03,3269.49,3270.08,3232.06,3246.08,181083696
2017-10-04,3245.35,3247.02,3230.81,3236.65,215281744
2017-10-05,3235.29,3264.62,3233.85,3261.84,188150368
2017-10-06,3267.8,3291.29,3264.48,3291.29,228553296
2017-10-09,3296.49,3300.88,3279.32,3291.56,205203008
2017-10-10,3292.37,3296.09,3278.43,3288.95,170731120
2017-10-11,3294.63,3301.07,3272.36,3280.28,214847296
2017-10-12,3292.9,3306.36,3287.23,3303.09,215364400
2017-10-13,3304.81,3326.67,3303.3,3319.11,247975504
2017-10-16,3323.24,3333.98,3317.74,3323.06,210739904
2017-10-17,3328.6,3342.37,3322.82,3329.03,174396672
2017-10-19,3340.42,3354.27,3324.56,3334.91,277734624
2017-10-20,3343.14,3347.08,3333.23,3340.73,186589696
2017-10-23,3348.66,3360.95,3340.76,3349.8,179056688
2017-10-24,3348.45,3354.73,3333.41,3334.67,177402400
2017-10-25,3328.82,3344.5,3327.18,3343.88,179307504
2017-10-26,3331.68,3356.42,3331.68,3356.25,230616704
2017-10-27,3361.21,3386.44,3360.76,3386.44,283832000
2017-10-30,3385.6,3392.15,3369.22,3375.97,209102832
2017-10-31,3364,3382.12,3364,3374.08,252920896
2017-11-01,3377.19,3395.76,3374.58,3391.61,281312544
2017-11-02,3384.08,3393.93,3358.39,3380.5,163244304
2017-11-03,3382.25,3383.6,3366.93,3382.31,155586160
2017-11-06,3380.36,3384.2,3368.1,3381.85,176331104
2017-11-07,3389.89,3416.73,3389.89,3413.1,223974592
2017-11-08,3409.33,3422.84,3402.35,3421.25,213168096
2017-11-09,3420.26,3429.21,3409.11,3423.91,276300800
2017-11-10,3409.57,3431.07,3403.99,3420.1,249590704
2017-11-13,3414.92,3428.66,3413.67,3419.13,209566704
2017-11-14,3422.04,3422.46,3393.66,3399.09,325454624
2017-11-15,3390.96,3396.08,3366.61,3368.7,225214496
2017-11-16,3368.95,3376.12,3341.3,3341.3,250445200
2017-11-17,3365.7,3385.33,3363.48,3382.38,224605104
2017-11-20,3382.58,3390.97,3374.9,3386.59,180692896
2017-11-21,3394.16,3429.79,3392.87,3423.38,230284464
2017-11-22,3433.73,3442.78,3430.02,3430.02,196183296
2017-11-23,3439.04,3440.58,3417.26,3423.17,150708336
2017-11-24,3430.08,3445.03,3421.86,3442.15,146834592
2017-11-27,3442.89,3445.62,3431.33,3436.36,144655104
2017-11-28,3435.71,3443.64,3427.55,3442.35,225168256
2017-11-29,3447.8,3449.32,3431.61,3438.99,173924304
2017-11-30,3429.07,3441.19,3419.74,3433.54,514638272
2017-12-01,3441.85,3462.78,3440.26,3449.54,226661088
2017-12-04,3449.48,3454.12,3434.19,3438.47,141113696
2017-12-05,3435.89,3455.97,3431.13,3438.06,215394304
2017-12-06,3426.59,3429.41,3387.73,3397.21,234018944
2017-12-07,3401.58,3409.62,3377.96,3388.14,213260896
2017-12-08,3394.39,3431.64,3394.39,3424.64,201955792
2017-12-11,3430.2,3463.02,3428.24,3460.45,177035904
2017-12-12,3459.65,3465.54,3447.49,3465.54,153289952
2017-12-13,3459.93,3469.07,3451,3468.77,195083280
2017-12-14,3469.28,3469.36,3428.38,3435.78,155900864
2017-12-15,3416.29,3424.54,3412.23,3416.94,238029856
2017-12-18,3422.9,3427.65,3404.12,3414.82,159946752
2017-12-19,3422.01,3426.23,3404.47,3404.47,181652608
2017-12-20,3403.7,3406.75,3389.01,3394.87,186616000
2017-12-21,3389.18,3395.63,3381.45,3382.53,152734496
2017-12-22,3390.3,3397.07,3380.64,3385.71,163387904
2017-12-26,3383.98,3386.06,3370.22,3378.16,101669104
2017-12-27,3383.38,3396.78,3380.92,3391.67,95626704
2017-12-28,3391.61,3404.81,3390.86,3399.1,106945696
2017-12-29,3400.91,3407.26,3390.47,3402.92,190528400
2018-01-02,3406.48,3433.82,3403.87,3430.3,180133904
2018-01-03,3434.7,3468.19,3432.87,3464.28,186267616
2018-01-04,3476.43,3501.16,3465.95,3501.16,407460160
2018-01-05,3502.34,3503.68,3480.22,3489.45,197794640
2018-01-08,3498.62,3514.76,3494.54,3512.18,138842496
2018-01-09,3514.76,3531.56,3514.52,3524.65,189052992
2018-01-10,3518.76,3523.46,3511.03,3520.45,190082400
2018-01-11,3523.94,3523.94,3511.62,3512.68,158625328
2018-01-12,3527.55,3530.69,3516.73,3520.56,216275392
2018-01-15,3532.01,3539.17,3528.64,3536.41,180747392
2018-01-16,3537.08,3557.04,3527.73,3550.21,165522208
2018-01-17,3543.36,3549.22,3534.89,3541.91,259905200
2018-01-18,3555.54,3561.45,3517.9,3521.31,248395856
2018-01-19,3515.52,3552.04,3514.71,3550.36,266360800
2018-01-22,3551.96,3569.43,3541.98,3569.43,195160224
2018-01-23,3577.22,3594.7,3575.98,3592.08,249857200
2018-01-24,3591.48,3611.69,3581.33,3609.24,252586400
2018-01-25,3609.52,3609.63,3565.27,3572.62,236497104
2018-01-26,3574.09,3576.34,3561.19,3567.14,196998208
2018-01-29,3577.42,3591.18,3575.79,3577.07,176035696
2018-01-30,3563.94,3575.76,3548.74,3548.74,249359088
2018-01-31,3531.47,3544.78,3526.14,3533.99,331414592
2018-02-01,3536.93,3556.66,3528.33,3547.23,330169312
2018-02-02,3545.18,3545.71,3522.65,3529.82,373378336
2018-02-05,3483.07,3491,3470.12,3482.93,283284192
2018-02-06,3414,3414.24,3353.96,3406.38,507834880
2018-02-07,3445.83,3460.2,3377.19,3383.77,401578528
2018-02-08,3421.3,3426.02,3376.81,3415.9,437515104
2018-02-09,3354.84,3382.66,3340.55,3377.24,401231712
2018-02-12,3384.98,3400.36,3372.7,3384.98,318335584
2018-02-13,3404.07,3438.25,3399.82,3415.07,308428288
2018-02-14,3431.61,3436.9,3402.86,3402.86,280243296
2018-02-15,3415.97,3445.88,3415.51,3443.51,270092000
2018-02-19,3462.11,3491.42,3457.54,3487.88,227937616
2018-02-20,3483.35,3485.38,3463.93,3476.53,266423904
2018-02-21,3474.34,3520.68,3472.94,3516.23,293987200
2018-02-22,3503.09,3506.24,3482.41,3488.46,334560064
2018-02-23,3509.05,3542.49,3508.85,3533.22,262127008
2018-02-26,3543.27,3561.01,3535.91,3555.85,282052800
2018-02-27,3566.97,3574.59,3540.39,3540.39,345396448
2018-02-28,3565.21,3565.21,3505.09,3517.94,409171776
2018-03-01,3493.44,3513.85,3481.36,3513.85,263379504
2018-03-02,3479.54,3491.53,3470.87,3479.2,236350000
2018-03-05,3490.06,3492.5,3429.45,3438.61,340215616
2018-03-06,3475.4,3494.85,3471.84,3491.92,254213056
2018-03-07,3467.75,3483.08,3447.55,3450.69,302399200
2018-03-08,3462.33,3483.79,3461.9,3480.44,197278496
2018-03-09,3494.43,3495.09,3476.24,3485.57,215293040
2018-03-12,3519.25,3551.78,3517.73,3540.19,200552096
2018-03-13,3533.53,3555.98,3530.96,3553.73,258441296
2018-03-14,3541.39,3548.94,3523.65,3539.41,216774816
2018-03-15,3520.81,3535.11,3506.45,3517.73,240691856
2018-03-16,3514.7,3519.54,3501.81,3512.14,311102688
2018-03-19,3515.95,3515.95,3493.52,3498.29,145115072
2018-03-20,3484.42,3516.4,3481.8,3513.31,169847584
2018-03-21,3516.32,3523.87,3503.26,3511.13,171222400
2018-03-22,3523.83,3526.25,3485.47,3491.37,159363696
2018-03-23,3436,3436.08,3394.55,3421.39,353448192
2018-03-26,3400.95,3430.2,3388.9,3412.46,256372992
2018-03-27,3438.54,3443.43,3423.98,3439.35,225254800
2018-03-28,3424.1,3424.1,3382.78,3382.78,246250112
2018-03-29,3393.86,3440.42,3392.67,3427.97,353012800
2018-04-02,3439.04,3443.88,3424.03,3430.76,170227872
2018-04-03,3405.31,3412.15,3387.38,3412.15,253511456
2018-04-04,3420.85,3421.02,3338.96,3339.7,293355872
2018-04-05,3389.19,3422.64,3383.21,3405.65,219012704
2018-04-06,3392.76,3449.4,3384.26,3442.5,306713728
2018-04-09,3432.28,3456.81,3413.9,3449.96,195164000
2018-04-10,3438.75,3473.84,3434.54,3466.38,232264192
2018-04-11,3478.03,3488.33,3472.32,3479.76,218050208
2018-04-12,3485.61,3493.66,3462.71,3468.61,220601488
2018-04-13,3486.67,3506.8,3482.99,3501.3,211556304
2018-04-16,3509.26,3509.48,3482.29,3497.19,162992128
2018-04-17,3505.31,3509.68,3490.76,3498.2,210319072
2018-04-18,3521.69,3560.38,3521.19,3557.82,251227104
2018-04-19,3573.06,3604.06,3569.11,3598.73,231435200
2018-04-20,3578.85,3596.54,3560.21,3573.38,227722096
2018-04-23,3566.63,3591.84,3563.19,3579.54,195922448
2018-04-24,3581.73,3587.23,3561.14,3584.56,235960192
2018-04-25,3562.37,3574.91,3555.23,3568.01,223134800
2018-04-26,3582.61,3582.61,3557.49,3570.02,240142096
2018-04-27,3586.08,3588.3,3569.27,3577.21,186884496
2018-04-30,3604.1,3628.43,3595.63,3613.93,255868544
2018-05-02,3624.2,3641.65,3607.25,3615.28,277667072
2018-05-03,3585.3,3587.69,3556.42,3575.68,165840880
2018-05-04,3574.54,3575.5,3533.18,3545.38,176065072
2018-05-07,3553.47,3554.9,3527.7,3532.86,149142400
2018-05-08,3536.85,3550.07,3522.37,3543.17,199946496
2018-05-09,3558.93,3562.42,3526.9,3548.54,206164896
2018-05-10,3547.31,3551.28,3536.54,3537.59,224182896
2018-05-11,3559.07,3576.18,3541.17,3570.17,306597088
2018-05-14,3569.11,3574.21,3550.78,3562.46,204278512
2018-05-15,3557.05,3566.75,3540.23,3540.23,331243104
2018-05-16,3532.97,3552.92,3521.94,3533.05,338672224
2018-05-17,3545.9,3550.62,3530.38,3536.76,236291152
2018-05-18,3528.41,3534.55,3517.73,3529.27,232509792
2018-05-21,3545.21,3569.36,3544.1,3548.23,211293600
2018-05-22,3542.8,3563.14,3537.03,3543.18,160429216
2018-05-23,3540.92,3541.39,3493.93,3496.27,308069472
2018-05-24,3508.87,3532.92,3497.98,3528.92,260569120
2018-05-25,3522.99,3532.36,3511.88,3513.23,249310592
2018-05-28,3517.37,3529.26,3513.77,3518.48,219608272
2018-05-30,3453.48,3467.08,3437.12,3443.95,514013888
2018-05-31,3476.46,3478.05,3428.18,3428.18,1129509120
2018-06-01,3423.5,3433.2,3417.86,3427.51,413675040
2018-06-04,3441.2,3467.48,3441.2,3467.48,194075392
2018-06-05,3479.78,3487.13,3472.48,3483.16,286440288
2018-06-06,3483.32,3492.34,3460.29,3467.81,354082176
2018-06-07,3488.25,3489.41,3460.49,3473.08,273025568
2018-06-08,3460.26,3474.09,3432.18,3436.37,318114464
2018-06-11,3450.07,3452.98,3427.14,3441.69,220591248
2018-06-12,3438.58,3449.4,3428.54,3430.69,219943392
2018-06-13,3429.86,3432.64,3388.92,3392.51,243818656
2018-06-14,3380.37,3388.88,3345.18,3356.73,466035008
2018-06-18,3314.08,3335.68,3299.81,3324.04,309648480
2018-06-19,3324.99,3341.64,3297.25,3301.35,328582816
2018-06-20,3309.93,3333.93,3297.67,3315.9,242969696
2018-06-21,3315.23,3326.59,3299.05,3300,230763040
2018-06-22,3289.43,3294.84,3270.15,3287.4,265501600
2018-06-25,3279.53,3285.69,3246.92,3260.84,236021728
2018-06-26,3245.79,3285.23,3237.77,3280.87,243834400
2018-06-27,3281.71,3296.29,3251.36,3254.77,276320512
2018-06-28,3245.92,3266.69,3244.18,3257.57,255048992
2018-06-29,3269.2,3286.92,3251.12,3268.7,292601824
2018-07-02,3277.43,3280.19,3231.68,3238.94,209289696
2018-07-03,3245.67,3254.88,3218.62,3235.9,268721216
2018-07-04,3230.59,3249.52,3224.62,3244.89,220444608
2018-07-05,3247.37,3265.59,3239.14,3256.71,212071872
2018-07-06,3232.96,3233.84,3176.26,3191.82,394698112
2018-07-09,3197.79,3233.43,3196.15,3228.82,289550496
2018-07-10,3259.15,3274.85,3249.85,3274.83,316048896
2018-07-11,3239.43,3251.52,3220.15,3249.08,269217536
2018-07-12,3247.86,3263.42,3240.22,3253.01,256828256
2018-07-13,3257.53,3265.92,3251.85,3260.35,191959808
2018-07-16,3260.83,3267.11,3231.09,3232.79,169603696
2018-07-17,3240.35,3247.84,3226.05,3239.64,228694896
2018-07-18,3251.28,3258.93,3239.93,3240.5,242573168
2018-07-19,3255.95,3283.92,3249.73,3277.58,181600000
2018-07-20,3291.44,3298.77,3281.34,3297.83,199602896
2018-07-23,3294.52,3297.94,3278.14,3293.71,177514080
2018-07-24,3295.32,3308.42,3286.43,3292.65,252493696
2018-07-25,3304.55,3333.38,3301.85,3326.83,237223104
2018-07-26,3328.44,3341.42,3322.82,3328.6,235416608
2018-07-27,3332.92,3336.22,3310.74,3324.98,161176896
2018-07-30,3314.55,3320.1,3301.12,3307.15,128308896
2018-07-31,3284.4,3331.27,3284.22,3319.85,341854592
2018-08-01,3331.05,3338.92,3308.9,3328.95,210366560
2018-08-02,3329.05,3329.19,3278.84,3286.32,191130704
2018-08-03,3300.59,3311.64,3264.61,3265.73,199211632
2018-08-06,3284.68,3305.23,3278.15,3285.34,278496800
2018-08-07,3297.91,3347.98,3297.78,3340,281899584
2018-08-08,3336.22,3341.52,3308.72,3326.74,309429568
2018-08-10,3295.73,3296.08,3273.57,3284.78,284681856
2018-08-13,3267.94,3268.77,3239.32,3245.34,290510912
2018-08-14,3243.27,3253.09,3231.97,3242.87,236715808
2018-08-15,3240.93,3242.06,3217.89,3234.12,310690304
2018-08-16,3220.85,3230.75,3207.25,3211.93,222183904
2018-08-17,3233.88,3244.12,3203.33,3209.44,257454400
2018-08-20,3211.08,3222.84,3200.54,3204.71,219423296
2018-08-21,3194.18,3212.14,3187.83,3199.89,176836304
2018-08-23,3230.19,3256.24,3229.93,3249.89,354385312
2018-08-24,3239.09,3239.47,3211.48,3213,215330768
2018-08-27,3223.41,3237.66,3222.12,3225.62,176150352
2018-08-28,3244.26,3263.14,3239.27,3247.55,213162304
2018-08-29,3251.01,3256.61,3239.44,3243.92,154200624
2018-08-30,3247.14,3252.58,3217.32,3225.72,207470400
2018-08-31,3200.37,3227.6,3199.34,3213.48,370878432
2018-09-03,3209.97,3213.89,3193.86,3207.2,253678784
2018-09-04,3205.58,3218.76,3203.02,3210.51,155396896
2018-09-05,3199.63,3208.81,3151.83,3156.28,196372896
2018-09-06,3158.83,3166.51,3139.99,3147.69,244424704
2018-09-07,3133.97,3140.03,3119.89,3134.39,234505088
2018-09-10,3131.2,3131.44,3105.36,3120.92,207303296
2018-09-11,3115.47,3119.01,3103.94,3109.91,184106000
2018-09-12,3106.99,3132.11,3102.73,3124.65,223062800
2018-09-13,3129.92,3139.48,3114.74,3131.77,220516480
2018-09-14,3146.22,3163.85,3142.96,3161.42,205642896
2018-09-17,3149.71,3150.83,3133.37,3141.4,136272400
2018-09-18,3122.88,3140.22,3110.79,3139.34,208219296
2018-09-19,3143.46,3181.5,3139.49,3176.57,211498800
2018-09-20,3180.43,3189.31,3172.64,3180.43,172136096
2018-09-21,3206.94,3225.4,3199.89,3217.68,399300992
2018-09-24,3215.69,3232.61,3213.28,3219.16,153755008
2018-09-25,3229.9,3243.24,3226.49,3236.08,175286096
2018-09-26,3248.81,3265.01,3237.91,3239.1,179680400
2018-09-27,3244.2,3263.08,3232.21,3236.26,211514912
2018-09-28,3250.31,3262.17,3244.51,3257.05,314079392
2018-10-01,3262.43,3268.49,3246.79,3255.46,168933568
2018-10-02,3248.5,3253.62,3231.56,3242.65,175318320
2018-10-03,3257.31,3272.88,3252.39,3267.4,250172000
2018-10-04,3246.97,3248.53,3226.86,3231.59,224805680
2018-10-05,3224.35,3230.01,3198.72,3209.79,180419392
2018-10-08,3198.24,3202.89,3179.82,3181.45,180453376
2018-10-09,3180.6,3187.18,3160.85,3166.6,212899520
2018-10-10,3169.33,3169.57,3129.5,3131.48,246192496
2018-10-11,3074.77,3074.77,3035.2,3047.39,404487872
2018-10-12,3055.17,3088.77,3043.28,3069.17,351501248
2018-10-15,3067.8,3067.8,3045.53,3045.97,217864400
2018-10-16,3053.24,3058.97,3030.21,3034.31,267229600
2018-10-17,3077.86,3087.84,3071.1,3071.1,282458688
2018-10-18,3064.06,3074.74,3050.64,3069.67,212001264
2018-10-19,3046.87,3073.21,3046.7,3062.51,291172608
2018-10-22,3057.31,3078.06,3057.16,3078.06,212014830
2018-10-23,3057.65,3061.12,3029.6,3031.39,211220502
2018-10-24,3044.33,3053.07,3031.94,3032.08,232738800
2018-10-25,2992,3012.84,2984.47,3012.84,303350100
2018-10-26,3004.35,3006.92,2955.68,2972.02,324985000
2018-10-29,2989.63,3005.03,2978.64,2981.54,233252500
2018-10-30,2969.51,2974.85,2961.23,2966.45,190171200
2018-10-31,2978.99,3020.49,2978.66,3018.8,313672300
2018-11-01,3045.68,3061.49,3040.93,3060.85,230549388
2018-11-02,3081.67,3121.27,3077.5,3116.39,328111300
2018-11-05,3087.51,3091.91,3056.42,3060.62,172939500
2018-11-07,3084.5,3092.95,3060.88,3065.36,223316800
2018-11-08,3089.04,3097.59,3079.96,3093.24,285868100
2018-11-09,3078.38,3079.41,3059.2,3077.97,267129593
2018-11-12,3060.3,3089.82,3059.32,3068.15,158330140
2018-11-13,3027.91,3056.28,3026.08,3053.6,250754993
2018-11-14,3049.31,3053.32,3031.47,3043.19,204149700
2018-11-15,3042.7,3065.33,3031.9,3054.53,237179348
2018-11-16,3069.34,3087.9,3060.97,3083.6,197622640
2018-11-19,3084.34,3084.71,3054.95,3065.07,154763100
2018-11-20,3035.09,3042.94,3023.68,3026.99,204465700
2018-11-21,3010.09,3049.24,3007.31,3038.65,173168800
2018-11-22,3052.8,3054.16,3032.79,3041.38,140236085
2018-11-23,3037.68,3056.11,3034.12,3052.49,94478000
2018-11-26,3057.28,3093.38,3056.39,3093.38,157366400
2018-11-27,3085.74,3105.8,3074.21,3090.4,261970772
2018-11-28,3095.86,3100.17,3078.93,3094.48,233671900
2018-11-29,3119.97,3125.5,3107,3109.44,234574646
2018-11-30,3122.11,3130.71,3110.34,3117.61,384850779
2018-12-03,3154.22,3192.88,3153.71,3190.62,302565438
2018-12-04,3189.53,3190.08,3151.72,3167.79,230496300
2018-12-05,3132.64,3155.92,3127.7,3155.92,190064747
2018-12-06,3133.8,3134.65,3105.63,3115.52,199928600
2018-12-07,3149.5,3149.71,3111.12,3111.12,194056900
2018-12-10,3087.28,3087.28,3064.02,3072.44,150894400
2018-12-11,3062.44,3075.27,3053.99,3059.28,202673800
2018-12-12,3075.62,3101.1,3073.02,3099.99,212610800
2018-12-13,3104.07,3125.1,3102.44,3111.08,204850493
2018-12-14,3087.46,3094.27,3067.3,3077.09,178803159
2018-12-17,3091.78,3124.59,3090.92,3114.25,198261000
2018-12-18,3077.89,3080.77,3045.54,3045.54,233549840
2018-12-19,3045.91,3065.37,3042.44,3058.65,193446400
2018-12-20,3041.92,3064.09,3036.91,3050.62,199126400
2018-12-21,3031.19,3070.09,3028.25,3046.04,330658124
2018-12-24,3026.86,3051.06,3022.47,3051.06,76275670
2018-12-26,3001.53,3022.24,3000.45,3011.15,111947000
2018-12-27,3055.43,3076.1,3041.91,3044.74,145423900
2018-12-28,3049.63,3069.19,3039.85,3053.43,103882566
2018-12-31,3064.09,3070.49,3061.53,3068.76,80276000
2019-01-02,3072.99,3081.01,3028.84,3038.89,169009672
2019-01-03,3022.27,3041.03,3002.4,3012.88,206991900
2019-01-04,2994.02,3059.23,2993.42,3059.23,186358200
2019-01-07,3101.26,3104.32,3084.88,3102.8,245440632
2019-01-08,3108.38,3126.64,3099.33,3122.94,186232400
2019-01-09,3141.98,3159.31,3139.03,3158.07,262169513
2019-01-10,3154.65,3183.51,3147.71,3183.51,267076080
2019-01-11,3198.76,3209.65,3191.72,3198.65,191501956
2019-01-14,3205.15,3205.72,3173.46,3173.46,159549791
2019-01-15,3191.35,3223.61,3190.71,3212.3,303421200
2019-01-16,3220.23,3230.77,3211.56,3229.11,221727700
2019-01-17,3231.55,3235.14,3208.88,3214.44,182604189
2019-01-18,3221.43,3233.7,3217.24,3224.34,166160910
2019-01-21,3233.72,3250.27,3220.56,3220.56,189321400
2019-01-22,3218.95,3218.95,3192.71,3192.71,143706500
2019-01-23,3185.69,3193.89,3165.09,3171.11,217746650
2019-01-24,3174.59,3190.73,3153.61,3190.73,225586183
2019-01-25,3196.68,3220.68,3194.49,3202.25,208720000
2019-01-28,3203.78,3218.44,3194.68,3199.5,162010274
2019-01-29,3191.86,3196.09,3176.13,3187.69,195842081
2019-01-30,3188.43,3194.28,3169.29,3174.38,231657800
2019-01-31,3187.73,3197.98,3183.68,3190.17,283186585
2019-02-01,3194.22,3205.03,3182.35,3188.68,196811762
2019-02-04,3192.36,3197.96,3182.17,3184.56,90949900
2019-02-07,3211.93,3215.9,3194.18,3200.64,197238815
2019-02-08,3177.91,3205.25,3177.91,3202.04,205377232
2019-02-11,3176,3206.27,3174,3206.27,230993800
2019-02-12,3202.86,3213.68,3198.75,3201.15,170851501
2019-02-13,3219.9,3244.77,3219.77,3244.77,256034000
2019-02-14,3240.62,3253.67,3235.8,3253.16,216363300
2019-02-15,3248.45,3259.79,3229.85,3239.74,276735800
2019-02-18,3258.81,3276.61,3256.86,3265.97,177824700
2019-02-19,3267.07,3280.04,3258.71,3259.8,160461878
2019-02-20,3275.35,3285.6,3266.89,3278.38,212608000
2019-02-21,3273.57,3286.08,3262.99,3277.91,246791084
2019-02-22,3256.93,3273.16,3256.17,3269.9,295519370
2019-02-25,3273.45,3276.47,3252.66,3272.35,226696100
2019-02-26,3272.12,3273.82,3252.58,3261.66,198689394
2019-02-27,3261.99,3284.73,3245.71,3250.02,231817800
2019-02-28,3238.94,3243.75,3214.48,3212.69,311329100
2019-03-01,3210.84,3231.21,3202.02,3220.4,188764893
2019-03-04,3224.69,3251.72,3215.66,3251.08,222687703
2019-03-05,3241.01,3247.6,3228.25,3234.07,202475500
2019-03-06,3235.42,3241.58,3222.84,3222.84,227165541
2019-03-07,3224.43,3235.69,3218.25,3229.48,226070460
2019-03-08,3204.4,3215.23,3192.71,3195.87,207397969
2019-03-11,3187.75,3197.71,3185.06,3191.42,136692185
2019-03-12,3211.7,3228.21,3209.08,3212.25,183342700
2019-03-13,3209.05,3209.05,3183.72,3195.59,178496215
2019-03-14,3188.36,3204.36,3183.64,3197.92,219074947
2019-03-15,3198.3,3216.72,3193.9,3200.18,330829900
2019-03-18,3210.49,3216.31,3206.45,3212.96,149113632
2019-03-19,3214.79,3221.69,3204.13,3220.92,235182900
2019-03-20,3213.98,3214.49,3195.33,3207.66,219242500
2019-03-21,3214.6,3219.31,3206.21,3213.65,202526700
2019-03-22,3218.52,3228.38,3207.27,3212.1,157199376
2019-03-25,3170.5,3182.92,3156.79,3182.92,191186100
2019-03-26,3195.47,3214.82,3188.22,3200.28,195419396
2019-03-27,3195.69,3214.23,3191.93,3198.39,213812900
2019-03-28,3196.83,3213.62,3192.48,3203.58,155175000
2019-03-29,3223.56,3226.74,3209.5,3212.88,214426600
2019-04-01,3229.11,3250.51,3227.62,3250.51,200194990
2019-04-02,3269.55,3283.01,3256.01,3279.78,207683900
2019-04-03,3299.26,3318.56,3299.26,3311.27,213151400
2019-04-04,3312.06,3323.37,3303.1,3316.21,464932700
2019-04-05,3317.11,3332.59,3316.66,3322.64,246233329
2019-04-08,3326.35,3327.66,3309.17,3315.42,166966339
2019-04-09,3317.65,3329.67,3313.04,3325.6,209389200
2019-04-10,3317.58,3333.18,3316.92,3327.65,224263634
2019-04-11,3330.51,3348.04,3324.73,3330.82,232241600
2019-04-12,3330.64,3333.38,3318.99,3331.98,187825600
2019-04-15,3341.75,3344.17,3321.06,3325.86,180200200
2019-04-16,3326.78,3335.66,3325.84,3332.04,195429600
2019-04-17,3334.84,3353.08,3333.88,3348.64,201255200
2019-04-18,3352.36,3356.82,3336.48,3347.58,202182600
2019-04-22,3358.54,3359.88,3349.86,3357.7,114132700
2019-04-23,3353.72,3358.11,3345.59,3353.47,197407100
2019-04-24,3359.13,3362.43,3350.83,3362.43,215818200
2019-04-25,3349.35,3361.25,3347.16,3350.28,177218200
2019-04-26,3344.14,3356.95,3336.92,3356.95,256076890
2019-04-29,3368.66,3415.18,3365.05,3407.02,254825694
2019-04-30,3411.85,3412.47,3387.46,3400.2,237857083
2019-05-02,3389.52,3395.4,3376.09,3393.33,194868600
2019-05-03,3384.38,3397.18,3371.31,3392.29,192993100
2019-05-06,3329.32,3329.32,3270.22,3290.62,264335600
2019-05-07,3299.96,3323.05,3292.38,3312.52,213104108
2019-05-08,3286.32,3290.03,3275.78,3283.84,217505273
2019-05-09,3263.41,3278.14,3253.88,3269.7,223091600
2019-05-10,3281.02,3296.01,3262.85,3273.5,225900630
2019-05-13,3258.94,3261.99,3226.22,3234.28,248671500
2019-05-14,3205.5,3227.4,3198.22,3223.71,229599291
2019-05-15,3218.51,3225.79,3211.9,3218.77,189498600
2019-05-16,3212.64,3233.66,3202.67,3230.26,189205282
2019-05-17,3231.45,3231.91,3203.81,3205.46,166919200
2019-05-21,3198.73,3205.14,3177.12,3183.26,235917800
2019-05-22,3179.44,3198,3177.99,3183.14,205806925
2019-05-23,3172.46,3173.48,3151.63,3160.72,189526100
2019-05-24,3152.08,3172.72,3149.97,3169.89,216192200
2019-05-27,3168.47,3172.8,3157.87,3170.77,124705300
2019-05-28,3171.14,3171.38,3156.95,3165.32,308017400
2019-05-29,3151.89,3163.84,3147.17,3163.28,217101943
2019-05-30,3147.77,3159.27,3133.6,3143,185345522
2019-05-31,3114.55,3130.58,3110.51,3117.76,214826071
2019-06-03,3111.51,3124.28,3104.03,3123.46,185588600
2019-06-04,3129.76,3142.37,3125.38,3142.37,192175584
2019-06-06,3144.43,3147.64,3125.96,3146.18,316873871
2019-06-07,3145.93,3166.29,3140.68,3166.29,160855500
2019-06-10,3174.88,3199.53,3171.9,3188.11,197131300
2019-06-11,3193.3,3211.57,3192.93,3209.58,203723900
2019-06-12,3209.26,3224.09,3193.84,3207.74,193391500
2019-06-13,3203.18,3220.66,3185.67,3220.66,196186500
2019-06-14,3214.68,3223.64,3209.93,3222.63,161848200
2019-06-17,3210.25,3229.55,3202.22,3207.99,173852793
2019-06-18,3212.54,3240.19,3209.45,3238.73,214552000
2019-06-19,3275.43,3289.04,3268.56,3288.17,256051068
2019-06-20,3292.97,3320.8,3290.52,3314.51,241873800
2019-06-21,3314.28,3321.4,3305.05,3321.4,374170100
2019-06-24,3308.71,3315.25,3303.01,3311.53,184913171
2019-06-25,3317,3321.09,3301.39,3304.27,218248860
2019-06-26,3298.35,3308.66,3273.27,3301.25,262031200
2019-06-27,3302.05,3334.21,3299.79,3328.6,224121300
2019-06-28,3336.08,3336.08,3321.38,3321.61,331532800
2019-07-01,3339.58,3376.55,3337.31,3372.26,219193438
2019-07-02,3373.72,3374.15,3347.92,3370.8,172726594
2019-07-03,3365.35,3373.55,3352.56,3367.8,272533300
2019-07-04,3370.27,3381.73,3366.9,3372.25,173900700
2019-07-05,3376.93,3380.68,3353.32,3366.81,240735800
2019-07-08,3356.05,3356.05,3319.19,3334.23,182177856
2019-07-09,3337.96,3349.61,3322.75,3329.46,218738019
2019-07-10,3339.46,3357.36,3336.25,3340.42,168813200
2019-07-11,3353.81,3372.49,3349.63,3350.45,197313600
2019-07-12,3354.78,3363.59,3343.56,3357.34,211383599
2019-07-15,3355.15,3359.32,3337.67,3347.95,182604100
2019-07-16,3349.22,3360.84,3346.32,3360.03,165554200
2019-07-17,3354.83,3364.87,3349.87,3364.87,192484000
2019-07-18,3349.73,3361.76,3347.1,3361.05,181650600
2019-07-19,3368.39,3379.5,3365.6,3377.96,196509200
2019-07-22,3369.76,3369.76,3348.78,3357.22,144979500
2019-07-23,3360.18,3374,3359.25,3373.13,169680400
2019-07-24,3378.36,3386.65,3361.3,3368.44,209425400
2019-07-25,3373.73,3386.28,3368.69,3381.26,258371721
2019-07-26,3363.56,3365.35,3349.07,3363.76,177402600
2019-07-29,3362.17,3362.71,3333.38,3346.39,144539000
2019-07-30,3342.57,3355.88,3341.8,3350.54,211940350
2019-07-31,3359.92,3360.19,3299.89,3300.75,335994400
2019-08-01,3282.79,3311.26,3280.57,3291.75,172194553
2019-08-02,3271.4,3278.88,3257.38,3261.11,260845100
2019-08-05,3244.6,3246.48,3193.54,3194.51,276014300
2019-08-06,3160.26,3176.66,3144.8,3170.47,263062800
2019-08-07,3171.57,3190.66,3160.93,3184.69,229859500
2019-08-08,3170.54,3184.47,3159.45,3168.94,243493922
2019-08-13,3143.21,3149.22,3132.2,3146.73,223995100
2019-08-14,3170.85,3174.73,3136.84,3147.6,247729100
2019-08-15,3095.85,3126.09,3084.08,3126.09,438154600
2019-08-16,3109.16,3123.15,3091.32,3115.03,351579863
2019-08-19,3114.13,3137.52,3114.13,3128.45,305073800
2019-08-20,3124.04,3141.58,3122.65,3135.95,198860000
2019-08-21,3128.68,3130.3,3116.85,3122.57,248360208
2019-08-22,3126.79,3135.25,3123.77,3127.74,203431000
2019-08-23,3128.23,3130.49,3108.95,3110.35,220616233
2019-08-26,3066.49,3073.6,3054.97,3065.33,238401141
2019-08-27,3064.78,3076.73,3060.04,3067.52,302078496
2019-08-28,3066.31,3078.93,3054.84,3056.47,236138400
2019-08-29,3058.71,3085.32,3040.16,3081.83,233948560
2019-08-30,3100.52,3114.17,3090.79,3106.52,295578900
2019-09-02,3092.25,3099.82,3076.2,3082.96,133277795
2019-09-03,3078.56,3094.19,3074.04,3090.63,126550000
2019-09-04,3085.03,3142.83,3083.76,3130.57,264986672
2019-09-05,3150.45,3154.44,3136.13,3147.06,234520600
2019-09-06,3163.25,3166.95,3143.53,3144.48,206370800
2019-09-09,3147.68,3157.35,3141.72,3146.33,152659800
2019-09-10,3155.68,3168.07,3151.27,3155.71,219085000
2019-09-11,3172.28,3204.52,3165.74,3204.52,271889400
2019-09-12,3214.14,3216.87,3191.62,3194.96,235993044
2019-09-13,3201.66,3216.63,3197.67,3211.49,166219400
2019-09-16,3207.94,3213.07,3195.46,3203.93,168507400
2019-09-17,3206.32,3206.85,3180.65,3183,166355400
2019-09-18,3187.34,3190.4,3164.47,3166.84,168242900
2019-09-19,3178.93,3179.72,3158.11,3158.8,207943579
2019-09-20,3167.76,3169.03,3154.38,3159.68,299925400
2019-09-23,3155.77,3162.26,3141.41,3143.24,132708300
2019-09-24,3161.99,3163.75,3148.55,3155.46,192960900
2019-09-25,3140.49,3145.79,3119.12,3125.82,222798900
2019-09-26,3130.5,3134.91,3122.62,3125.81,186638694
2019-09-27,3126.33,3130.29,3113.67,3125.63,165888100
2019-09-30,3100.82,3120.9,3100.82,3119.99,193376800
2019-10-01,3130.11,3156.63,3127.46,3146.03,159831100
2019-10-02,3122.34,3131.11,3095.8,3103.45,274571100
2019-10-03,3076.08,3093.89,3071.54,3087.97,198578400
2019-10-04,3089.27,3090.55,3068.83,3078.36,168400400
2019-10-07,3082.66,3104.11,3079.9,3099.48,169939200
2019-10-08,3107.1,3124.22,3101.1,3110.85,225983977
2019-10-09,3097.96,3102.75,3084.2,3089.9,245802800
2019-10-10,3076.08,3096.38,3073.56,3089.48,167912365
2019-10-11,3104.37,3115.78,3098.9,3113.97,236610800
2019-10-14,3129.55,3131.94,3119.6,3124.45,162442646
2019-10-15,3126.43,3131.02,3112.04,3116.17,185908900
2019-10-16,3131.1,3144.61,3120.2,3134.71,175187900
2019-10-17,3138.13,3138.17,3111.77,3126.14,200139400
2019-10-18,3128.86,3128.86,3108.93,3114.16,177859931
2019-10-21,3113.71,3147.41,3111.12,3139.15,234625800
2019-10-22,3153.49,3173.7,3150.29,3160.67,242117500
2019-10-23,3160.82,3161.02,3134.64,3144.28,186149100
2019-10-24,3156.26,3176.6,3153.93,3168.87,239696100
2019-10-25,3174.88,3188.42,3171.92,3185.53,148579200
2019-10-29,3211.23,3227.15,3187.29,3197.04,264131100
2019-10-30,3203.51,3210.31,3199.49,3207.92,195436200
2019-10-31,3217.6,3235.24,3213.46,3229.88,302617366
2019-11-01,3227.6,3237.12,3208.63,3229.43,195966200
2019-11-04,3237.85,3250.02,3227.34,3236.4,219706206
2019-11-05,3242.91,3256.54,3237.46,3248.63,305054586
2019-11-06,3252.61,3265.75,3250.94,3262.69,248859500
2019-11-07,3261.85,3285.72,3258.43,3285.72,296782800
2019-11-08,3273.61,3275.86,3252.26,3264.3,343349900
2019-11-11,3259.49,3261.13,3227.59,3240.65,272878750
2019-11-12,3251.23,3267.8,3247.41,3267.8,284721000
2019-11-13,3258.85,3261.38,3235.2,3239.22,212161200
2019-11-14,3236.37,3244.7,3225.38,3231.85,273629263
2019-11-15,3238.6,3243.15,3228.58,3238.86,284082200
2019-11-18,3231.89,3258.66,3230.74,3258.66,267369200
2019-11-19,3239.55,3248.74,3224.36,3238.87,254882900
2019-11-20,3231,3236.18,3219.27,3229.78,280560900
2019-11-21,3201.05,3210.09,3189.61,3192.21,337898100
2019-11-22,3199.9,3232.53,3199.06,3225.65,283978700
2019-11-25,3241.69,3244.69,3218.25,3220.63,340587100
2019-11-26,3226.39,3234.74,3207.85,3207.85,1409118274
2019-11-27,3213.19,3220.14,3201.78,3215.53,414062059
2019-11-28,3209.85,3215.8,3198.29,3200.61,201995100
2019-11-29,3199.25,3199.25,3182.05,3193.92,328238300
2019-12-02,3198.27,3208.7,3184.77,3187.97,225065200
2019-12-03,3174.99,3186.64,3160.93,3173.08,330602900
2019-12-04,3152.8,3167.1,3144.07,3159.79,302671030
2019-12-05,3170.85,3178.83,3169.84,3174.19,253946800
2019-12-06,3179.98,3194.71,3171.51,3194.71,302030700
2019-12-09,3195.97,3200.12,3179.82,3179.82,253073700
2019-12-10,3182.59,3183.83,3159.18,3162.89,292612000
2019-12-11,3160.2,3187.33,3159.5,3172.9,202358848
2019-12-12,3188.99,3206.19,3184.18,3194.67,263500070
2019-12-13,3211.14,3223.45,3205.97,3214.05,308517500
2019-12-16,3213.61,3219.53,3206.09,3206.09,167870000
2019-12-17,3205.91,3217.83,3192.82,3200.8,269415000
2019-12-18,3195.07,3217.12,3189.77,3209.54,263354900
2019-12-19,3205.09,3211.51,3194.92,3207.42,164889000
2019-12-20,3217.03,3217.03,3203.5,3212.39,320074821
2019-12-23,3216.46,3218.45,3204.5,3214,160721300
2019-12-24,3218.21,3224.71,3207.69,3221.67,67881269
2019-12-26,3221.83,3222.99,3205.99,3222.99,71769500
2019-12-27,3226.92,3230.93,3220.47,3226.53,81842700
2019-12-30,3228.04,3232.27,3214.32,3222.44,102453840
2019-12-31,3201.31,3239.24,3201.31,3222.83,122667000
2020-01-02,3230.48,3256.09,3220.67,3252,136381900
2020-01-03,3260.27,3268.73,3227.63,3238.82,193650300
2020-01-06,3221.56,3226.11,3210.68,3218.86,154063156
2020-01-07,3236.23,3247.86,3233.5,3247.86,187657600
2020-01-08,3211.28,3245.89,3193.31,3245.89,297723700
2020-01-09,3262.72,3262.72,3243.1,3247.48,230734404
2020-01-10,3252.66,3261.28,3246.62,3255.95,195969000
2020-01-13,3259.44,3267.97,3248,3251.07,211815300
2020-01-14,3262.08,3270.54,3256.18,3270.54,270354042
2020-01-15,3266.54,3276,3252.02,3256.98,245144400
2020-01-16,3256.83,3280.36,3255.63,3278,270571631
2020-01-17,3282.85,3283.89,3269.99,3281.03,202760020
2020-01-20,3280.95,3283.06,3270.8,3280.09,172691700
2020-01-21,3271.56,3275.15,3232.99,3247.17,272436300
2020-01-22,3242.6,3258.96,3240.17,3253.93,202913276
2020-01-23,3251.84,3259.9,3231.37,3234.56,313846628
2020-01-24,3235.36,3242.5,3230.32,3240.02,192710800
2020-01-28,3172.73,3190.08,3144.1,3181.25,461901018
2020-01-29,3181.19,3193.84,3172.66,3182.57,207466100
2020-01-30,3183.2,3191.38,3152.51,3170.68,246419300
2020-01-31,3173.39,3183.46,3144.33,3153.73,283957200
2020-02-03,3131.02,3139.36,3112.33,3116.31,240928643
2020-02-04,3135.5,3166.71,3132.51,3156.57,251277695
2020-02-05,3163.67,3203.04,3156.86,3200.13,247570300
2020-02-06,3215.37,3231.97,3206.92,3231.55,284410865
2020-02-07,3214.18,3219.8,3170.57,3181.48,322500500
2020-02-10,3142.47,3173.32,3137.81,3163.15,203859800
2020-02-11,3168.15,3195.5,3166.99,3175.57,233884800
2020-02-12,3182.38,3223.37,3175.25,3223.37,309948500
2020-02-13,3230.28,3232.9,3211.87,3220.09,234275500
2020-02-14,3216.36,3233.86,3212.06,3220.03,242145497
2020-02-17,3220.66,3223.43,3210,3213,192026300
2020-02-18,3203.38,3203.62,3191.15,3196.63,198579800
2020-02-19,3199.22,3222.61,3194.35,3213.71,204087785
2020-02-20,3217.54,3221.69,3190.99,3198.68,206574180
2020-02-21,3189.19,3200.73,3179.37,3181.03,230052300
2020-02-24,3159.64,3166.01,3140.39,3142.2,285617700
2020-02-25,3145.01,3171.74,3142.2,3158.24,255301533
2020-02-26,3131.64,3136.44,3117.52,3117.52,309471500
2020-02-27,3110.23,3114.15,3086.39,3111.7,315229200
2020-02-28,3043.67,3056.56,3008.46,3011.08,552747300
2020-03-02,2988.35,3026.23,2987.41,3007.72,358472617
2020-03-03,3032.35,3042.77,3015.55,3019.56,339606300
2020-03-04,3015.2,3031.93,3003.09,3025.03,373878700
2020-03-05,3037.07,3047.79,3016.33,3018.27,426418600
2020-03-06,2999.23,3000.14,2959.16,2960.98,336208651
2020-03-09,2891.59,2891.65,2772.7,2782.37,493472154
2020-03-10,2766.19,2853.69,2756.88,2832.54,473988700
2020-03-11,2837.69,2861.25,2778.92,2783.72,375994000
2020-03-12,2751.68,2752.64,2666.05,2678.64,495306600
2020-03-13,2555.51,2676.84,2510.88,2634,656941000
2020-03-16,2557.8,2590.91,2495.77,2495.77,491526400
2020-03-17,2469.73,2517.1,2454.53,2454.53,588144711
2020-03-18,2472.53,2532.39,2420.86,2425.62,576383250
2020-03-19,2415.36,2441.1,2303.9,2311,608095800
2020-03-20,2314.78,2433.14,2312.53,2410.74,628761424
2020-03-23,2274.38,2274.38,2208.42,2233.48,443755168
2020-03-24,2292.57,2372.35,2291.25,2362.05,469575455
2020-03-25,2429.57,2510.76,2390.71,2505.47,545558135
2020-03-26,2519.3,2519.32,2433.43,2487.56,511193676
2020-03-27,2545.64,2561.37,2511.21,2528.76,487699200
2020-03-30,2479.98,2480.45,2409.69,2416.24,403297900
2020-03-31,2454.17,2487.65,2454.17,2481.23,511031351
2020-04-01,2468.17,2481.44,2419.1,2440.27,363877000
2020-04-02,2402.43,2453.81,2390.88,2453.03,405555228
2020-04-03,2451.47,2454.79,2380.84,2389.29,456374184
2020-04-06,2429.58,2477.31,2411.27,2470.59,384427244
2020-04-07,2506.25,2571.89,2502.33,2571.89,492081217
2020-04-08,2528.31,2551.65,2507.13,2539.44,318915900
2020-04-09,2564.84,2596.19,2559.27,2571.32,346484722
2020-04-13,2561.41,2572.5,2544.9,2567.25,163623700
2020-04-14,2570.73,2647.5,2566.09,2634.57,351096044
2020-04-15,2646.91,2650.52,2591.16,2605.56,369997779
2020-04-16,2581.45,2635.18,2581.04,2612.25,296993300
2020-04-17,2661.28,2671.58,2609.14,2614.6,398929400
2020-04-20,2622.67,2627.56,2592.95,2597.85,244908524
2020-04-21,2591.98,2601.15,2551.92,2551.92,351561124
2020-04-22,2530.97,2556.05,2507.83,2550.04,351932215
2020-04-23,2549.87,2563.12,2539.84,2542.37,263707100
2020-04-24,2530.03,2533.75,2501.58,2518.16,299499900
2020-04-27,2525.6,2562.35,2525.6,2549.4,245348393
2020-04-28,2559.87,2562.95,2532.24,2562.95,328809910
2020-04-29,2561.07,2579.27,2554.77,2574.73,267659600
2020-04-30,2600.01,2633.92,2592.61,2624.23,536545662
2020-05-04,2555.67,2575.14,2536.63,2563.69,349485700
2020-05-05,2579.1,2595.13,2572.36,2572.36,220314200
2020-05-06,2566.69,2608.01,2565.94,2591.6,294626700
2020-05-08,2600.38,2602.43,2579.36,2591.88,330465700
2020-05-11,2597.85,2611.74,2590.66,2611.31,260504400
2020-05-12,2582.55,2590.51,2576.46,2587.81,241063400
2020-05-13,2573.71,2584.17,2567.45,2572.01,637426799
2020-05-14,2546.64,2551,2521.47,2522.31,510416385
2020-05-15,2535.99,2546.34,2516.66,2523.55,522395532
2020-05-18,2526.97,2551.63,2524.66,2539.28,250959816
2020-05-19,2583.54,2596.41,2579.61,2581.33,353410462
2020-05-20,2583.37,2587.16,2555.5,2561.94,297329100
2020-05-21,2579.52,2583.03,2554.68,2555.34,239368000
2020-05-22,2533.04,2534.9,2490.7,2499.83,364821400
2020-05-26,2517.33,2544.46,2516.89,2530.3,298292000
2020-05-27,2527.33,2537.79,2509.59,2519.48,321590200
2020-05-28,2526.71,2531.56,2509.1,2515.24,402054608
2020-05-29,2494.31,2516.78,2489.94,2510.75,1472751663
2020-06-01,2519.42,2578.27,2516.46,2550.86,658080297
2020-06-02,2565.29,2611.63,2562.09,2611.63,528974200
2020-06-03,2637.41,2700.39,2637.41,2700.39,602716035
2020-06-04,2733.57,2755.55,2684.07,2707.2,473130700
2020-06-05,2714.55,2755.8,2702.6,2751.5,382718216
2020-06-08,2775.68,2798.98,2766.35,2796.97,418135200
2020-06-09,2810.44,2839.39,2783.3,2794.17,497198724
2020-06-10,2805.81,2822.75,2789.19,2800.57,332586800
2020-06-11,2785.19,2785.19,2697.24,2704.21,488930800
2020-06-12,2629.7,2690.77,2609.03,2684.63,455535800
2020-06-15,2652.8,2661.61,2606.15,2613.88,367135600
2020-06-16,2664.6,2688.99,2663.75,2666.85,330759200
2020-06-17,2677.99,2679.57,2644.18,2669.62,240791200
2020-06-18,2651.04,2678.03,2645.61,2665.66,211475700
2020-06-19,2656.36,2658.93,2634.83,2634.83,475697600
2020-06-22,2638.15,2652.38,2627.46,2629.69,275133500
2020-06-23,2635.69,2641.08,2583.99,2634.92,307649642
2020-06-24,2644.45,2647.49,2615.72,2628.62,277879600
2020-06-25,2604.03,2605.33,2574.85,2590.15,307390600
2020-06-26,2603.43,2619.65,2600.5,2604.51,196494800
2020-06-29,2589.74,2598.06,2572.23,2574.1,232450900
2020-06-30,2595.27,2610.99,2589.91,2589.91,335570664
2020-07-01,2604.08,2619.35,2597.29,2610.17,149432000
2020-07-02,2607.49,2636.69,2597.61,2636.69,216004700
2020-07-03,2648.64,2660.27,2637.13,2652.94,208612100
2020-07-06,2662.41,2696.01,2653.37,2689.61,214752500
2020-07-07,2705.1,2707.67,2657.94,2661.42,223671600
2020-07-08,2665.51,2677.4,2653.02,2669.49,186970000
2020-07-09,2678.92,2679.98,2652.07,2652.65,171603830
2020-07-13,2669.98,2670.93,2629.68,2631.08,218372565
2020-07-14,2617.98,2631.81,2604.95,2620.19,196496400
2020-07-15,2643.76,2658.9,2641.8,2648.9,230774485
2020-07-16,2651.93,2661.95,2621.02,2623.67,206579000
2020-07-17,2635.8,2640.38,2618.48,2618.48,171927300
2020-07-20,2618.01,2619.78,2595.72,2616.3,190816900
2020-07-21,2629.33,2644.51,2622.97,2629.45,235880500
2020-07-22,2622.02,2622.02,2591.8,2594.53,209998700
2020-07-23,2596.88,2622.81,2592.57,2612.35,232813400
2020-07-24,2603.64,2603.83,2572.93,2579.51,264577100
2020-07-27,2589.95,2598.68,2570.86,2575.79,209530200
2020-07-28,2587.81,2603.31,2580.89,2582.97,199326595
2020-07-29,2581.48,2586.16,2564.46,2573.45,250386723
2020-07-30,2581.66,2581.66,2511.02,2529.82,687694900
2020-08-03,2522.53,2523.78,2478.39,2484.91,356926003
2020-08-04,2495.13,2523.78,2491.39,2515.7,252016567
2020-08-05,2527.31,2549.07,2513.16,2532.69,308185080
2020-08-06,2551.03,2566.7,2548.19,2559.1,273303474
2020-08-07,2558.3,2558.96,2529.35,2545.51,314545300
2020-08-11,2547.52,2559.76,2522.8,2544.15,370449300
2020-08-12,2530.75,2563.79,2521.06,2563.2,313027900
2020-08-13,2574.8,2602.33,2568.1,2595.97,342499200
2020-08-14,2584.5,2600.05,2572.64,2581.32,232767800
2020-08-17,2580.56,2596.81,2565.02,2571.55,676702400
2020-08-18,2574.82,2579.36,2557.94,2563.09,295897200
2020-08-19,2556.96,2567.21,2555.44,2561.04,223199280
2020-08-20,2537.11,2545.07,2506.77,2527.92,521998500
2020-08-21,2544.65,2547.83,2526.27,2528.54,224188200
2020-08-24,2535.69,2544.21,2526.51,2538.61,227861500
2020-08-25,2544.61,2575.37,2542.19,2559.03,382242787
2020-08-26,2548.28,2548.57,2528.94,2542.08,241032000
2020-08-27,2539.98,2545.79,2517.07,2519.81,252409000
2020-08-28,2547.71,2573.49,2532.41,2539.63,272695421
2020-08-31,2557.44,2560.43,2523.34,2532.51,265106700
2020-09-01,2521.81,2544,2508.68,2538.55,209783909
2020-09-02,2540.65,2546.55,2525.45,2539.94,239994000
2020-09-03,2546.01,2546.87,2519.13,2531.79,169331800
2020-09-04,2494.42,2511.91,2486.36,2509.64,259700618
2020-09-07,2506.18,2519.21,2502.2,2511.21,153725400
2020-09-08,2515.26,2528.02,2504.76,2504.76,201598500
2020-09-09,2488.12,2505.41,2478.11,2499.33,295600659
2020-09-10,2507.64,2510.71,2477.59,2492.09,268684850
2020-09-11,2481.08,2492.42,2476.82,2490.09,202299000
2020-09-14,2489.68,2494.24,2481.45,2482.55,171950300
2020-09-15,2486.7,2502.1,2482.91,2485.83,226547100
2020-09-16,2492.47,2508.16,2488.09,2505.15,291463500
2020-09-17,2503.54,2517.63,2494.48,2500.78,273540598
2020-09-18,2504.94,2506.92,2492.76,2497.71,333959159
2020-09-21,2499.39,2515.05,2481.66,2485.71,217783870
2020-09-22,2479.17,2481.77,2455.33,2463.29,277983600
2020-09-23,2463.95,2487.31,2454.84,2481.14,209998700
2020-09-24,2467.15,2474.54,2448,2450.82,265928117
2020-09-25,2458.38,2474.12,2457.26,2472.28,176778165
2020-09-28,2473.21,2494.16,2471.07,2483.01,161976900
2020-09-29,2496.77,2503.14,2470.84,2471.61,189327657
2020-09-30,2482.49,2489.17,2465.45,2466.62,279317919
2020-10-01,2479.29,2504.12,2477.09,2500.74,212792099
2020-10-02,2500.34,2505.6,2469.12,2496.11,173283700
2020-10-05,2512.91,2522.4,2504.89,2517.23,192050373
2020-10-06,2525.7,2540.71,2525.69,2529.26,203731800
2020-10-07,2523.19,2543.27,2518.24,2538.36,203795200
2020-10-08,2545.42,2546.17,2526.32,2543.11,164787700
2020-10-09,2547.94,2547.97,2532.41,2532.96,148957600
2020-10-12,2537.13,2555.93,2534.37,2552.42,187208400
2020-10-13,2556.4,2570.19,2547.12,2567.65,193880900
2020-10-14,2562.44,2563.44,2548.87,2555.59,175822400
2020-10-15,2543.34,2548.62,2518.14,2523.62,304470800
2020-10-16,2530.38,2545.16,2526.86,2533.02,297188410
2020-10-19,2540.55,2549.52,2537.31,2543.57,191629845
2020-10-20,2542.08,2542.39,2523.21,2528.64,219510200
2020-10-21,2536.73,2545.52,2521.7,2525.61,274374999
2020-10-22,2518.75,2530.76,2513.52,2528.41,211242900
2020-10-23,2537.05,2538.43,2524.85,2537.39,195187900
2020-10-26,2540.86,2541.74,2521.19,2523.31,212193400
2020-10-27,2515.33,2519,2503.37,2512.87,210580100
2020-10-28,2504.28,2507.89,2483.48,2483.48,236950300
2020-10-29,2471.1,2472.92,2450.68,2450.68,276975900
2020-10-30,2439.78,2447.85,2420.84,2423.84,397979300
2020-11-02,2428.98,2449.02,2423.7,2443.13,282262600
2020-11-03,2453.29,2497.22,2453.26,2497.22,294810100
2020-11-04,2502.18,2521.14,2489.72,2515.98,297790000
2020-11-05,2543.91,2588.62,2541.76,2588.62,409626000
2020-11-06,2591.96,2591.96,2562.86,2578.68,259721456
2020-11-09,2600.96,2622.98,2600.67,2609.36,234278200
2020-11-10,2672.98,2705,2662.32,2705,687150900
2020-11-11,2698.69,2713.28,2673.89,2713.28,465057984
2020-11-12,2710.71,2725.47,2695.89,2711.9,347342900
2020-11-13,2700.72,2715.92,2685.81,2711.39,350637300
2020-11-16,2731.56,2753.44,2724.93,2748,370874444
2020-11-17,2764.13,2781.58,2764.13,2778.55,416724312
2020-11-18,2774.78,2795.67,2774.78,2788.59,364406700
2020-11-19,2782.22,2795.06,2766.55,2777,390560200
2020-11-20,2780.77,2814.13,2779.21,2813.01,310379139
2020-11-23,2828.32,2852.27,2825.83,2848.78,307802210
2020-11-24,2866.12,2891.63,2864.42,2891.63,412882890
2020-11-25,2903.16,2920.55,2858.36,2869.55,482796600
2020-11-26,2856.37,2857.48,2839.8,2857.48,246451300
2020-11-27,2846.95,2866.34,2845.16,2855.82,227818600
2020-11-30,2869.89,2869.89,2797.19,2805.95,959533333
2020-12-01,2802.94,2824.54,2793.22,2814.12,322810735
2020-12-02,2805.5,2817.33,2796.71,2810.95,260967600
2020-12-03,2809.74,2822.4,2792.74,2822.34,274284843
2020-12-04,2825.56,2841.46,2819.53,2839.89,273192924
2020-12-07,2842.58,2853.23,2824.23,2825.51,370226900
2020-12-08,2820.99,2829.51,2817.27,2825.63,253678100
2020-12-09,2825.72,2849.16,2825.32,2843.07,285016258
2020-12-10,2833.17,2834.79,2820.05,2824.96,333477300
2020-12-11,2836.88,2848.97,2818.35,2821.7,290440617
2020-12-14,2836.3,2870.44,2835.22,2858.14,302651900
2020-12-15,2863.1,2863.97,2841.51,2856.72,276181700
2020-12-16,2866.12,2875.48,2862.43,2872.8,291312500
2020-12-17,2866.97,2867.11,2849.43,2858.02,284079500
2020-12-18,2858.45,2862.93,2845.55,2848.98,337801150
2020-12-21,2847.19,2854.61,2831.4,2846.52,237415700
2020-12-22,2842.45,2844.82,2803.97,2827.32,146870400
2020-12-23,2817.87,2838.45,2805.24,2833.4,107385800
2020-12-28,2845.85,2851.82,2834.58,2840.14,177736200
2020-12-29,2848.65,2852.65,2840.38,2848.14,105602500
2020-12-30,2855.06,2878.13,2846.22,2869.22,172333910
2020-12-31,2869.22,2869.22,2843.81,2843.81,229983500
2021-01-04,2846.2,2861.21,2836.25,2858.9,257536900
2021-01-05,2842.06,2859.68,2832.04,2859.68,361145500
2021-01-06,2858.53,2865.04,2852.32,2863.01,393348900
2021-01-07,2892.33,2912.7,2884.18,2906.97,326700952
2021-01-08,2935.18,2993.19,2933.71,2993.19,296521190
2021-01-11,2983.5,2993.16,2971.93,2983.9,277380200
2021-01-12,2975.15,2983.66,2968.9,2977.17,239603100
2021-01-13,2982.16,2994.79,2977.51,2977.51,294242100
2021-01-14,2982,3001.34,2979.38,3000,216057700
2021-01-15,2995.85,3012.53,2991.76,3004.87,250123400
2021-01-18,2995.73,2998.69,2978.79,2990.4,273957000
2021-01-19,2996.64,3007.99,2990.93,2995.92,276352400
2021-01-20,2995.7,3001.14,2985.71,2998.77,279483400
2021-01-21,3004.16,3017.15,2997.69,3017.15,215048853
2021-01-22,3009.02,3009.13,2981.18,2991.53,294856300
2021-01-25,2998.04,3004.97,2971.07,2973.65,223947400
2021-01-26,2967.63,2968.98,2935.65,2945.52,283495700
2021-01-27,2952.47,2967.78,2948.71,2958.63,372873500
2021-01-28,2924.48,2930.75,2911.75,2920.3,372873500
2021-01-29,2941.58,2950.75,2887.2,2902.52,304092500
2021-02-01,2888.75,2901.78,2873.77,2896.32,296217000
2021-02-02,2906.2,2918.85,2902.01,2917.29,254094600
2021-02-03,2932.72,2939.35,2927.05,2927.47,261646300
2021-02-04,2933.08,2936.59,2884.74,2905.58,260483790
2021-02-05,2916.06,2917.59,2903.37,2907.11,263478198
2021-02-08,2909.8,2938.15,2908.18,2931.4,364860400
2021-02-09,2946.2,2959.66,2924.8,2935.27,364860400
2021-02-10,2936.1,2938.21,2919.98,2925.84,303329500
2021-02-11,2916.4,2926.34,2916.35,2925.48,152665400
2021-02-15,2929.94,2946.22,2929.06,2931.52,206565900
2021-02-16,2935.58,2945.29,2932.2,2935.34,231993800
2021-02-17,2913.81,2928.25,2909.54,2920.43,238155100
2021-02-18,2917.93,2921.71,2901.09,2908.85,286709400
2021-02-19,2896.91,2903.36,2869.3,2880.64,265703400
2021-02-22,2888.29,2897.53,2876.89,2881.21,256284026
2021-02-23,2879.64,2905.22,2875.9,2890.7,314550500
2021-02-24,2897.72,2935.76,2896.57,2924.58,340839700
2021-02-25,2951.03,2976.36,2949.62,2973.54,395473900
2021-02-26,2923.23,2951.29,2921.1,2949.04,458484500
2021-03-01,2948.69,2981.5,2948.64,2973,294013322
2021-03-02,2989.8,3000.06,2970.92,2973.87,274486200
2021-03-03,2991.12,3000.44,2980.68,3000.37,212020470
2021-03-04,2987.66,3015.87,2981.34,3014.78,263833745
2021-03-05,3005.9,3028.44,2992.23,3013.85,273989900
2021-03-08,3075.16,3079.98,3060.58,3071.16,362244531
2021-03-09,3091.79,3116.31,3091.79,3108.53,379584300
2021-03-10,3106.94,3108.29,3072.53,3079.72,320414292
2021-03-11,3086.74,3113.93,3082.16,3106.01,406209100
2021-03-12,3112.57,3115.25,3089.44,3095.22,332294716
2021-03-15,3109.32,3118.91,3097.01,3106,259012200
2021-03-16,3111.81,3114.8,3099.43,3105.51,346740100
2021-03-17,3102.78,3116.76,3100.09,3109.65,313591970
2021-03-18,3132.1,3147.67,3130.65,3137.66,345525500
2021-03-19,3131.74,3148.98,3127.84,3134.54,354890100
2021-03-22,3130.69,3149.01,3123.96,3128.08,200178992
2021-03-23,3124.41,3148.49,3120.92,3131.74,367222800
2021-03-24,3127.12,3136.92,3121.6,3133.31,367641200
2021-03-25,3120.58,3147.46,3120.36,3141.71,323327893
2021-03-26,3152.29,3165.82,3145.45,3157.95,301532700
2021-03-29,3165.98,3183.93,3160.88,3175.57,282373963
2021-03-30,3201.63,3204.24,3187.92,3190.89,275395900
2021-03-31,3200.35,3200.49,3165.34,3165.34,257104834
2021-04-01,3187.17,3188.45,3170.22,3181.68,187913300
2021-04-05,3205.91,3212.49,3203.65,3209.74,206109200
2021-04-06,3219.68,3221.1,3194.88,3207.63,237625300
2021-04-07,3215.22,3221.85,3191.44,3195.76,259398300
2021-04-08,3198.82,3201.83,3184.54,3186.4,200493600
2021-04-09,3189.8,3190.83,3177.47,3184.54,177550024
2021-04-12,3175.73,3182.3,3160.76,3173.93,237001614
2021-04-13,3176.49,3192.61,3174.31,3187.9,222916100
2021-04-14,3188.41,3189.45,3174.6,3179.39,170182000
2021-04-15,3189.16,3189.71,3176.08,3184.77,219873700
2021-04-16,3184.65,3203.56,3184.31,3201.76,295252808
2021-04-19,3204.14,3214.93,3200.72,3209.72,453912800
2021-04-20,3207.99,3211,3187.4,3192.17,320102600
2021-04-21,3163.48,3172.87,3145.28,3155.06,295932400
2021-04-22,3171.78,3188.71,3170.41,3187.78,219207200
2021-04-23,3172.68,3194.04,3167,3194.04,203215759
2021-04-26,3187.72,3211.54,3183.37,3204.9,241691100
2021-04-27,3203.66,3219.98,3200.62,3214.43,217519600
2021-04-28,3206.61,3220.27,3205.5,3219.56,199817500
2021-04-29,3226.92,3235.72,3218.07,3221.58,189522180
2021-04-30,3218.9,3237.23,3217.22,3218.27,304074700
2021-05-03,3221.79,3221.94,3165.77,3184.76,295952714
2021-05-04,3183.08,3186,3168.56,3179.13,187176600
2021-05-05,3157.2,3160.3,3140.49,3153.59,300248700
2021-05-06,3160.01,3178.24,3157.88,3173,337249473
2021-05-07,3177.99,3204.4,3173.21,3200.26,232678000
2021-05-10,3203.85,3206.24,3177.6,3182.41,221621900
2021-05-11,3158.33,3166.59,3137.46,3144.27,349508800
2021-05-12,3126.5,3142.6,3115.75,3123.26,298376825
2021-05-14,3105.74,3121.26,3023.95,3055.02,663344664
2021-05-17,3047.88,3087.2,3027.38,3079.69,339127000
2021-05-18,3100.9,3145.32,3099.2,3142.63,384164100
2021-05-19,3124.95,3133.12,3100.95,3104.21,254244900
2021-05-20,3114.42,3128.77,3102.75,3109.81,277513200
2021-05-21,3126.75,3130.45,3104.57,3117.89,247522600
2021-05-24,3132.21,3137.98,3121.84,3123.61,189484200
2021-05-25,3132.27,3149.39,3132.22,3146.09,291518001
2021-05-27,3139.93,3171.72,3135.37,3164.82,603734006
2021-05-28,3183.57,3194.19,3177.6,3178.5,329026343
2021-05-31,3184.53,3193.61,3157.4,3164.28,273029100
2021-06-01,3176.71,3188,3162.65,3187.23,240434500
2021-06-02,3183.34,3186.98,3153.83,3161.04,341576416
2021-06-03,3168.8,3177.1,3159.6,3165,245465612
2021-06-04,3154.25,3171.45,3145.79,3151.04,226020471
2021-06-07,3169.69,3179.78,3165.76,3175.81,204119200
2021-06-08,3177.32,3181.36,3157.32,3167.14,231780500
2021-06-09,3167.01,3169.08,3153.47,3153.47,302564900
2021-06-10,3157.42,3174.65,3154.16,3162.5,225994400
2021-06-11,3169.84,3172.57,3155.16,3157.97,237608500
2021-06-14,3154.53,3160.35,3149.94,3153.14,170318900
2021-06-15,3160.44,3182.75,3159.2,3174.87,261026200
2021-06-16,3173.72,3174.79,3139.57,3139.57,307663000
2021-06-17,3128.61,3150.37,3121.75,3138.31,266408298
2021-06-18,3129.34,3144.16,3125.67,3144.16,374842500
2021-06-21,3113.45,3122.54,3096.09,3117.87,290210750
2021-06-22,3125.71,3132.56,3105.68,3109.2,193609000
2021-06-23,3116.71,3136.57,3106.73,3118.62,225169100
2021-06-24,3119.91,3131.23,3116.31,3119.62,230850734
2021-06-25,3128.8,3133.98,3113.44,3121.6,217463951
2021-06-28,3133.87,3134.64,3122.46,3126.88,230310264
2021-06-29,3120.44,3121.97,3089.49,3089.49,310929350
2021-06-30,3101.5,3145.77,3096.31,3130.46,268167357
2021-07-01,3140.25,3147.88,3123.48,3124.19,199223693
2021-07-02,3139.55,3142.3,3123.48,3128.95,226465030
2021-07-05,3126.62,3141.02,3126.62,3141.02,176626600
2021-07-06,3147.82,3195.25,3147.77,3190.59,284276893
2021-07-07,3174.89,3175.08,3132.9,3141.6,274883100
2021-07-08,3140.07,3146.86,3101.96,3107.59,269993041
2021-07-09,3097.56,3138.64,3095.35,3131.4,199755500
2021-07-12,3156.36,3161.21,3135.19,3147.14,149367400
2021-07-13,3170.39,3175.21,3162.04,3166.81,239664600
2021-07-14,3165.58,3175.18,3148.5,3153.15,237316100
2021-07-15,3152.13,3156.14,3132.81,3139.98,183351900
2021-07-16,3138.25,3155.13,3133.23,3152.3,166754869
2021-07-19,3114.76,3128.08,3109.28,3111.2,203953500
2021-07-21,3124.99,3130.76,3107.25,3119,317838077
2021-07-22,3133.05,3166.4,3128.83,3159.26,226291752
2021-07-23,3161.22,3165.75,3149.02,3157.05,149683300
2021-07-26,3157.09,3160.44,3127.78,3138.97,171798300
2021-07-27,3149.7,3166.95,3130.56,3138.81,205978400
2021-07-28,3150.87,3150.87,3119.89,3141.75,247097750
2021-07-29,3166.52,3180.61,3148.89,3180.61,275840050
2021-07-30,3169.75,3189.53,3166.94,3166.94,301530500
2021-08-02,3176.42,3177.89,3143.92,3161.22,233600054
2021-08-03,3153.46,3154.21,3126.18,3149.25,225229300
2021-08-04,3154.6,3190.6,3147.62,3182.9,287989100
2021-08-05,3186.65,3192.61,3168.13,3175.1,210628100
2021-08-06,3175,3183.12,3167.49,3177.18,241021400
2021-08-10,3187.53,3207.99,3187.46,3207.36,303135200
2021-08-11,3204.76,3207.91,3175.92,3180,194616900
2021-08-12,3190.23,3196.07,3179.29,3182.8,207922700
2021-08-13,3167.03,3172.64,3156.89,3165.49,222040600
2021-08-16,3139.23,3159.14,3134.21,3145.52,286092600
2021-08-17,3138.58,3146.81,3112.51,3118.51,282791000
2021-08-18,3117.28,3158.25,3116.56,3131.44,233742000
2021-08-19,3110.38,3114.3,3083.16,3086.97,291884700
2021-08-20,3106.84,3115.82,3099.67,3102.75,211457900
2021-08-23,3116.31,3118.08,3087.16,3087.56,281612800
2021-08-24,3105.24,3113.03,3100.89,3107.62,300862700
2021-08-25,3121.36,3127.16,3103.6,3107.49,249189900
2021-08-26,3114.6,3117.86,3102.35,3109.42,225232000
2021-08-27,3089.91,3094.75,3074.7,3080.77,246305200
2021-08-30,3092,3108.41,3092,3102.11,174325500
2021-08-31,3088.23,3088.92,3050.24,3055.05,430028013
2021-09-01,3055.71,3093.42,3055.01,3087.84,235344600
2021-09-02,3093.46,3096.71,3076.97,3088.84,244899600
2021-09-03,3089.94,3093.62,3076.03,3083.85,194289600
2021-09-06,3079.15,3102.86,3074.39,3101.08,156975500
2021-09-07,3093.89,3108.53,3084.41,3108.53,163523600
2021-09-08,3092.78,3095.35,3064.66,3068.94,249272813
2021-09-09,3067.06,3082.68,3060.05,3071.7,256059655
2021-09-10,3085.62,3105.09,3076.02,3098.8,241098725
2021-09-13,3090.56,3093.59,3063.55,3074.31,222111600
2021-09-14,3087.07,3091.74,3077.14,3080.37,182318891
2021-09-15,3068.46,3071.22,3052.78,3058.61,175781199
2021-09-16,3065.22,3072.05,3061.53,3064.54,282659369
2021-09-17,3057.22,3071.23,3054.6,3071.23,476020250
2021-09-20,3071.39,3075.46,3038.15,3041.73,308993000
2021-09-21,3039.96,3069.56,3038.04,3063.2,348636200
2021-09-22,3047.64,3058.68,3037.79,3048.05,290490900
2021-09-23,3058.41,3092.22,3057.36,3076.44,324746929
2021-09-24,3089.32,3089.78,3057.84,3061.35,330949686
2021-09-27,3072.53,3106.55,3069.32,3100.3,304474400
2021-09-28,3085.44,3098.58,3074.7,3077.69,313250100
2021-09-29,3080.88,3089.09,3060.54,3074.31,249458100
2021-09-30,3090.32,3097.59,3085.44,3086.7,265032081
2021-10-01,3072.54,3076.88,3044.73,3051.11,240845091
2021-10-04,3079.99,3102.47,3079.62,3089.65,288840000
2021-10-05,3071.93,3071.93,3047.38,3068.12,312568489
2021-10-06,3082.58,3091.35,3066.38,3083.88,248153124
2021-10-07,3099.99,3118.52,3098.81,3101.15,268935500
2021-10-08,3110.82,3114.47,3093.56,3112.81,206491100
2021-10-11,3118.57,3124.62,3110.39,3113.49,353461902
2021-10-12,3102.29,3112.05,3088.7,3112.05,264956000
2021-10-13,3122.78,3161.27,3122.56,3156.42,348938349
2021-10-14,3148.34,3170.52,3136.04,3164.86,209651300
2021-10-15,3180.55,3186.34,3170.17,3173.91,263753958
2021-10-18,3174.3,3179,3163.11,3173.82,237871500
2021-10-19,3195.45,3205.64,3185.39,3199.01,228401176
2021-10-20,3212.67,3213.33,3191.89,3198.08,211173500
2021-10-21,3203.92,3206.78,3183.1,3188.5,183424400
2021-10-22,3195.36,3205.14,3191.63,3205.14,153708100
2021-10-25,3202.51,3209.96,3197.24,3201.86,167747500
2021-10-26,3200.23,3209.29,3186.28,3204.57,180236500
2021-10-27,3206.06,3228.05,3202.69,3218.17,194078500
2021-10-28,3220.38,3227.13,3196.18,3203.82,227289265
2021-10-29,3210.88,3227.03,3198.17,3198.17,239891600
2021-11-01,3226.23,3229.09,3207.71,3219.05,194810200
2021-11-02,3225.67,3233,3213.26,3232.37,240955900
2021-11-03,3234.28,3236.86,3216.86,3219.69,204587761
2021-11-05,3234.41,3248.07,3225.16,3242.34,279049200
2021-11-08,3251.85,3270.65,3250.39,3263.9,319638000
2021-11-09,3267.92,3273.54,3239.71,3243.42,332843200
2021-11-10,3245.19,3246,3218.31,3231.32,234266600
2021-11-11,3219.68,3238.58,3207.32,3238.07,212980444
2021-11-12,3244.09,3248.38,3226.17,3228.45,287378463
2021-11-15,3228.44,3241.85,3222.47,3240.58,202990000
2021-11-16,3232.05,3246.25,3230.96,3238.8,246393800
2021-11-17,3236.44,3237.62,3226.29,3232.68,231604100
2021-11-18,3226.95,3239.43,3219.9,3237.02,167049825
2021-11-19,3233.63,3238.97,3227.06,3232.34,198198800
2021-11-22,3234.11,3244.73,3231.1,3237.08,207102700
2021-11-23,3236.32,3237.32,3226.76,3227.53,201748000
2021-11-24,3237.04,3239.84,3226.56,3227.15,253643700
2021-11-25,3224.33,3237.52,3217.31,3221.52,189942200
2021-11-26,3204.57,3208.13,3153.71,3166.27,381718600
2021-11-29,3144.17,3147.17,3115.97,3120.58,410268380
2021-11-30,3122.74,3129.54,3041.29,3041.29,797140070
2021-12-01,3052.4,3101.52,3045.13,3098.25,367863354
2021-12-02,3068.15,3100.55,3065.91,3092.11,293008233
2021-12-03,3083.26,3109.64,3080.29,3101.93,256428208
2021-12-06,3103.96,3135.65,3103.96,3116.32,228448100
2021-12-07,3123.26,3138.41,3120.44,3134.66,229209300
2021-12-08,3138.2,3140.75,3124.31,3129.77,221119318
2021-12-09,3136.86,3152.34,3134.4,3142.45,163030596
2021-12-10,3133.89,3141.85,3129.25,3135.61,190417887
2021-12-13,3156.6,3161.95,3119.95,3119.95,182430000
2021-12-14,3117.12,3128.8,3114.43,3121.09,158218000
2021-12-15,3116.85,3120.55,3106.63,3114.88,164954700
2021-12-16,3114.19,3137.31,3113.05,3128.8,178792800
2021-12-17,3122.92,3134.99,3111.63,3111.63,294898453
2021-12-20,3093.23,3098.49,3068.21,3072.97,197080398
2021-12-21,3083.74,3101.75,3079.34,3085.08,158780500
2021-12-22,3093.3,3098.27,3078.71,3087.51,150084665
2021-12-23,3098.04,3104.18,3090.25,3096.81,114814900
2021-12-24,3101.67,3110.76,3098.99,3108.28,55188000
2021-12-27,3107.63,3113.55,3104.24,3104.24,81421800
2021-12-28,3110.82,3128.92,3108.93,3128.41,86856900
2021-12-29,3135.39,3140.52,3132.87,3138.02,90618100
2021-12-30,3132.36,3137.86,3126.55,3126.64,113736100
2021-12-31,3127.11,3139.74,3123.68,3123.68,60044300
2022-01-03,3130.48,3138.27,3127.6,3134.25,146570200
2022-01-04,3155.68,3182.53,3151.8,3181.14,357286900
2022-01-05,3187.57,3196.6,3154.96,3163.44,272019627
2022-01-06,3152.75,3186.33,3144.81,3184.3,243206100
2022-01-07,3199.67,3209.4,3190.61,3205.26,238174000
2022-01-10,3211.26,3241.41,3209.3,3227.05,262214581
2022-01-11,3231.34,3249.07,3222.56,3246.37,330280300
2022-01-12,3261.26,3263.65,3242.59,3254.98,250760400
2022-01-13,3262.26,3262.37,3247.39,3257.3,200521000
2022-01-14,3264.74,3282.41,3262.36,3281.97,225210709
2022-01-17,3284.49,3297.79,3279.33,3287.95,209227455
2022-01-18,3295.08,3299.64,3273.46,3280.05,195357600
2022-01-19,3281.84,3297.87,3273.96,3283.94,213107692
2022-01-20,3282.91,3298.09,3269.45,3294.82,190523900
2022-01-21,3291.28,3298.94,3281.58,3294.86,193353928
2022-01-24,3268.19,3294.22,3266.15,3283.35,198728000
2022-01-25,3264.11,3267.55,3235.17,3247.76,329829900
2022-01-26,3253.81,3280.48,3250.21,3271.57,210960700
2022-01-27,3257.22,3262.57,3240.56,3260.03,314171133
2022-01-28,3261.05,3272.59,3245.15,3246.33,389819100
2022-01-31,3250.55,3276.31,3245.67,3249.59,192341706
2022-02-03,3302.23,3327.11,3290.29,3315.99,417548400
2022-02-04,3315.37,3332.92,3309.52,3331.41,280551500
2022-02-07,3328.64,3366.48,3327.63,3366.48,266403942
2022-02-08,3380.02,3411.51,3373.04,3401.74,348434575
2022-02-09,3397.05,3420.04,3394.03,3420.04,258672000
2022-02-10,3420.63,3435.68,3403.95,3428,295568500
2022-02-11,3414.45,3438.07,3411.87,3428.95,252750755
2022-02-14,3419.52,3434.51,3403.41,3421.2,260439400
2022-02-15,3418.23,3425.62,3407.37,3421.38,347817900
2022-02-16,3418.44,3442.61,3407.44,3439.3,264583550
2022-02-17,3451.42,3466.23,3441.57,3441.57,350036100
2022-02-18,3432.86,3447.39,3427.66,3428.9,283558421
2022-02-21,3421.95,3438.53,3417.89,3436.36,167740900
2022-02-22,3416.9,3421.4,3394.79,3400.58,252140540
2022-02-23,3379.94,3401.12,3371.99,3393,257984100
2022-02-24,3351.24,3363.17,3248.93,3276.06,563236900
2022-02-25,3286.72,3332.66,3286.72,3294.47,414154800
2022-02-28,3298.52,3301.08,3214.93,3242.24,572921980
2022-03-01,3262.49,3288.38,3260.96,3278.63,336180348
2022-03-02,3262.05,3279.97,3243.94,3244.4,338333800
2022-03-03,3264.96,3273.99,3253.65,3253.65,238414300
2022-03-04,3235.29,3253.14,3207.83,3226.78,302397600
2022-03-07,3205.3,3222.61,3186.01,3187.82,353738250
2022-03-08,3175.29,3182.35,3128.06,3148.86,355734400
2022-03-09,3136.8,3203.38,3136.49,3195.38,262594200
2022-03-10,3231.89,3258.94,3227.61,3240.73,293895044
2022-03-11,3230.28,3251.34,3217.56,3249.66,192220558
2022-03-14,3242.74,3250.82,3222,3232.03,241576700
2022-03-15,3236.47,3265.9,3227.88,3236.04,312486200
2022-03-16,3276.47,3298.14,3262.15,3290.9,299057900
2022-03-17,3341.03,3345.92,3294.78,3322.71,294544200
2022-03-18,3333.23,3346.37,3313.87,3330.63,402478900
2022-03-21,3345.86,3355.51,3330.33,3355.51,323579105
2022-03-22,3349.54,3365.6,3343.42,3350.17,244611700
2022-03-23,3359.92,3370.8,3357.48,3364.26,221141600
2022-03-24,3353.22,3402.14,3351.52,3399.7,388759200
2022-03-25,3397.36,3421.97,3396.77,3413.69,270561500
2022-03-28,3412.55,3433.57,3408.34,3431.99,303234800
2022-03-29,3442.2,3456.09,3413.35,3433.9,306223966
2022-03-30,3448.73,3448.81,3431.87,3442.61,251542300
2022-03-31,3443.17,3449.53,3408.52,3408.52,265990683
2022-04-01,3403.93,3425.37,3399.48,3419.11,215340992
2022-04-04,3418.72,3424.79,3414.82,3416.97,146889800
2022-04-05,3426.09,3445.01,3425.93,3445.01,193216300
2022-04-06,3432.67,3445.9,3419.56,3422.95,230737200
2022-04-07,3402.78,3415.34,3395.56,3404.23,226378100
2022-04-08,3400.52,3402.63,3374.34,3383.28,204827200
2022-04-11,3368.18,3374.85,3349.25,3363.56,220518800
2022-04-12,3347.1,3357.46,3330.25,3330.25,216812400
2022-04-13,3342.89,3356.66,3340.21,3342.22,188500460
2022-04-14,3342.68,3359.54,3334.07,3335.85,188328600
2022-04-18,3327.16,3330.3,3303.07,3303.07,165786700
2022-04-19,3320.53,3344.66,3307.13,3307.13,214288922
2022-04-20,3324.77,3344.79,3322.41,3335.32,272987300
2022-04-21,3345.15,3359.62,3337.04,3348.46,270688639
2022-04-22,3325.89,3365.21,3312.97,3361.11,373626670
2022-04-25,3334.53,3356.66,3329.77,3339.59,334175700
2022-04-26,3343.15,3350.44,3322.05,3322.05,350461480
2022-04-27,3313.08,3322.85,3308.03,3320.67,273577600
2022-04-28,3315.75,3344.24,3315.07,3335.09,466319100
2022-04-29,3368.1,3389.64,3344.68,3356.9,442987147
2022-05-04,3365.43,3366.93,3342.91,3349.27,442453540
2022-05-05,3371.24,3373.15,3338.61,3343.57,351022100
2022-05-06,3295.92,3305.72,3289.92,3291.89,319526900
2022-05-09,3279.36,3294.88,3270.73,3275.07,220947700
2022-05-10,3251.04,3251.31,3226.5,3234.19,375848800
2022-05-11,3220.53,3232.06,3210.67,3226.07,319651110
2022-05-12,3205.51,3216.73,3165.18,3165.18,476143900
2022-05-13,3196.1,3213.22,3189.68,3191.16,325985556
2022-05-17,3199.73,3218.74,3190.92,3201.89,307345900
2022-05-18,3219.98,3241.83,3214.14,3225.35,316533508
2022-05-19,3194.66,3218.14,3177.09,3190.71,344227840
2022-05-20,3214.02,3246.13,3210.75,3240.58,288718117
2022-05-23,3246.51,3251.61,3213.65,3213.65,188158848
2022-05-24,3216.91,3224.74,3195.04,3195.04,283411438
2022-05-25,3198.11,3208.97,3172.19,3179.58,221958200
2022-05-26,3203.38,3217.88,3201.05,3209.18,245478800
2022-05-27,3232.72,3233.73,3218.72,3230.55,240192900
2022-05-30,3240.16,3246.62,3228.65,3238.92,314049900
2022-05-31,3236.99,3263.11,3232.49,3232.49,563233432
2022-06-01,3242.92,3253.15,3237.31,3244,222168994
2022-06-02,3233.05,3243.76,3217.75,3226.72,205403279
2022-06-03,3236.7,3245.18,3224.89,3231.97,160293200
2022-06-06,3228.47,3233.96,3216.12,3226.63,183523100
2022-06-07,3224.46,3231.54,3214.34,3231.54,206133800
2022-06-08,3233.99,3241.8,3220.67,3225.8,217125900
2022-06-09,3219.12,3225.26,3198.38,3209.62,213220173
2022-06-10,3189.5,3192.56,3176.17,3181.73,163228700
2022-06-13,3161.61,3165.54,3138.54,3139.35,273852087
2022-06-14,3124.25,3125.37,3104.39,3108.89,278403600
2022-06-15,3104.62,3128.58,3104.19,3105.85,252159700
2022-06-16,3134.06,3150.11,3094.57,3097.43,299142685
2022-06-17,3079.97,3101.77,3072.34,3098.09,465803405
2022-06-20,3099.41,3104.25,3086.45,3096.4,170195012
2022-06-21,3108.67,3127.26,3102.84,3117.48,191177600
2022-06-22,3121.3,3132.17,3092.84,3093.31,256906600
2022-06-23,3107.08,3124.45,3092.8,3092.8,206349900
2022-06-24,3107.57,3115.73,3100.21,3111.65,183736700
2022-06-27,3128.72,3142.31,3120.39,3137.54,238891600
2022-06-28,3127.49,3145.17,3124.22,3140.21,217897600
2022-06-29,3125.86,3154.76,3123.9,3134.87,245408500
2022-06-30,3131.93,3138.21,3102.21,3102.21,229354394
2022-07-01,3104.25,3121.25,3089.4,3095.59,182579300
2022-07-04,3106.39,3127.35,3104.43,3120.24,122932700
2022-07-05,3130.73,3135.05,3099.44,3104.11,191457100
2022-07-06,3112.03,3124.57,3096.38,3103.66,239939300
2022-07-07,3096.89,3129.4,3093.47,3129.4,196631600
2022-07-08,3139.41,3141.09,3121.74,3131.26,218013000
2022-07-12,3135.76,3147.73,3129.38,3145.77,163797207
2022-07-13,3148.42,3150.11,3117.86,3128.69,197606082
2022-07-14,3119.29,3120.78,3089.43,3090.63,201291600
2022-07-15,3094.02,3108.22,3088.25,3099.15,264846916
2022-07-18,3113.97,3126.21,3112.01,3121.76,173204200
2022-07-19,3109.95,3124.87,3108.43,3117.79,158065100
2022-07-20,3135.21,3170.29,3134.62,3170.29,210848340
2022-07-21,3165.23,3166.28,3144.77,3152.3,162033090
2022-07-22,3162.96,3186.57,3162.96,3181.34,221894300
2022-07-25,3176.01,3209.76,3175.48,3180.47,160395471
2022-07-26,3174.91,3193.64,3174.39,3192.12,139119500
2022-07-27,3188.05,3207.32,3178.67,3205.14,150639000
2022-07-28,3216.99,3225.35,3203.73,3220.65,234773200
2022-07-29,3238.15,3244.29,3199.96,3211.56,272134344
2022-08-01,3238.18,3253.73,3236.48,3238.75,193331000
2022-08-02,3231.45,3244.06,3227.37,3239.15,173134800
2022-08-03,3241.67,3257.4,3231.67,3252.06,188851000
2022-08-04,3258.35,3270.59,3242.29,3269.86,206182896
2022-08-05,3275.19,3285.29,3268.47,3282.88,196115520
2022-08-08,3278.35,3278.35,3255.18,3270.98,190715300
2022-08-10,3270.89,3289.47,3269.24,3286.33,248335900
2022-08-11,3296.27,3307.29,3287.84,3301.96,274114228
2022-08-12,3287.36,3289.5,3266.17,3269.27,193482650
2022-08-15,3261.4,3267.44,3256.12,3256.82,208164000
2022-08-16,3250.84,3259.92,3243.96,3253.79,245964500
2022-08-17,3254.6,3272.06,3253.46,3262.76,186267700
2022-08-18,3257.64,3288.47,3257.48,3273.48,159010756
2022-08-19,3270.6,3271.95,3240.05,3246.51,168042900
2022-08-22,3240.03,3270.82,3235.31,3262.57,169639525
2022-08-23,3251.28,3259.42,3224.98,3246.21,243424800
2022-08-24,3243.83,3246.6,3227.9,3233.48,192625500
2022-08-25,3240.9,3256.55,3237.21,3247.8,177822300
2022-08-26,3249.97,3264.18,3248.12,3249.53,166935087
2022-08-29,3210.13,3225.92,3205.58,3222.26,186141700
2022-08-30,3221.74,3249.35,3221.74,3239.33,182332500
2022-08-31,3224.17,3233.61,3212.18,3221.67,311030262
2022-09-01,3211.56,3231.63,3207.77,3224.08,178351060
2022-09-02,3214.5,3223.5,3200.58,3205.69,218226400
2022-09-05,3211.96,3222.61,3207.09,3215.48,151511100
2022-09-06,3223.15,3234.45,3217.17,3224.18,197105000
2022-09-07,3207.14,3217.51,3198.39,3210.83,252776300
2022-09-08,3230.79,3242.98,3227.48,3233.61,200176500
2022-09-09,3243.2,3266.64,3238.89,3262.95,208339390
2022-09-12,3277.34,3279.75,3264.76,3274.72,166273800
2022-09-13,3280.17,3297.59,3278.84,3290.08,191637200
2022-09-14,3241.36,3266.32,3241.36,3258.02,194305344
2022-09-15,3262.53,3277.62,3260.73,3267.98,192887513
2022-09-16,3261.92,3279.68,3250.51,3268.29,445007743
2022-09-19,3259.57,3274.47,3252.21,3256.31,172743200
2022-09-20,3265.91,3275.51,3261.63,3266.94,129086340
2022-09-21,3261.54,3271.96,3254.77,3261.79,208052458
2022-09-22,3250.67,3266.64,3243.46,3263.07,260008700
2022-09-23,3242.38,3247.92,3224.58,3227.1,386826200
2022-09-26,3214.57,3223.51,3169.8,3181.97,373210000
2022-09-27,3178.09,3181.61,3158.32,3165.5,338094900
2022-09-28,3155.67,3160.75,3112.91,3116.31,374643713
2022-09-29,3130.69,3155.35,3115.08,3115.08,417597500
2022-09-30,3108.94,3137.06,3098.24,3130.24,401055500
2022-10-03,3113,3126.98,3102.9,3107.09,220399000
2022-10-04,3144.73,3154.3,3128.62,3138.9,211993600
2022-10-05,3152.21,3161.65,3145.8,3153.23,303186200
2022-10-06,3162.49,3168.4,3150.35,3151.56,239498983
2022-10-07,3160.42,3165.06,3138.97,3145.81,266467100
2022-10-10,3124.45,3125.06,3104.88,3107.47,268286071
2022-10-11,3114.5,3132.92,3095.32,3105,269830100
2022-10-12,3101.55,3107.52,3081.5,3083.19,303856700
2022-10-13,3074.45,3083.22,3039.49,3040.45,265276300
2022-10-14,3067.49,3078.17,3039.61,3039.61,275861000
2022-10-17,3025.51,3032.8,2991.05,3015.75,328215700
2022-10-18,3027.56,3039.06,3007.94,3025.88,222836000
2022-10-19,3031.79,3043.26,3020.11,3022.8,223406100
2022-10-20,3005.85,3029.07,3005.85,3022.7,369289464
2022-10-21,3014.7,3019.2,2968.92,2969.95,273251500
2022-10-25,2988.12,3007.93,2968.87,2984.15,320156600
2022-10-26,2992.24,3020.52,2987.6,3008.38,278364475
2022-10-27,3009.39,3028.89,2995.28,3015.24,247789400
2022-10-28,3033.34,3071.38,3025.93,3059.19,281078500
2022-10-31,3084.68,3129.35,3083.59,3093.11,368276000
2022-11-01,3107,3140.32,3102.63,3130.5,245201872
2022-11-02,3134.75,3141.13,3113.79,3141.13,244907300
2022-11-03,3125.16,3126.09,3091.18,3102.51,226048100
2022-11-04,3100.56,3134.3,3098.72,3130.11,267656560
2022-11-07,3136.9,3145.44,3126.67,3141.31,246670700
2022-11-08,3153.57,3155.29,3142.28,3145.83,222258900
2022-11-09,3146.11,3169.45,3143.81,3165.5,231174200
2022-11-10,3153.3,3180.57,3152.49,3173.18,223928799
2022-11-11,3213.35,3238.07,3211.2,3228.33,470765600
2022-11-14,3234.51,3279.1,3226.83,3260.8,424870500
2022-11-15,3271.35,3285.72,3261.96,3275.28,307204800
2022-11-16,3274.85,3282.91,3258.49,3266.17,340359920
2022-11-17,3274.67,3298.1,3263.68,3286.04,276057100
2022-11-18,3289.33,3308.3,3265.53,3272.23,259426400
2022-11-21,3264.65,3281.6,3237.35,3250.62,256421500
2022-11-22,3261.31,3277.35,3259.56,3259.56,201197500
2022-11-23,3278.75,3285.48,3249.52,3255.99,212015100
2022-11-24,3268.68,3273.43,3250.15,3252.88,200313776
2022-11-25,3249.53,3254.41,3233.19,3244.55,155044500
2022-11-28,3241.69,3248.69,3221.89,3240.06,234267944
2022-11-29,3235.34,3277.01,3232.38,3276.36,261703800
2022-11-30,3279.86,3290.56,3270.03,3290.49,460598507
2022-12-01,3306.49,3313.8,3288.46,3292.73,281066051
2022-12-02,3287.23,3287.23,3259.14,3259.14,201011300
2022-12-05,3266.52,3283.17,3256.45,3267.54,209566056
2022-12-06,3263.48,3265.28,3244.73,3252.37,246046400
2022-12-07,3239.22,3252.25,3225.45,3225.45,212069600
2022-12-08,3225.95,3246.18,3225.95,3236.08,181752500
2022-12-09,3242.67,3248.03,3235.82,3245.97,207207859
2022-12-12,3235.88,3255.61,3234.56,3239.66,213053100
2022-12-13,3245.46,3278.13,3245.09,3271.28,226640800
2022-12-14,3280.44,3293.47,3274.96,3278.57,271342400
2022-12-15,3280.95,3287.53,3256.79,3273.75,252158300
2022-12-16,3253.67,3272.12,3237.79,3240.81,387112768
2022-12-19,3239.5,3273.35,3239.5,3256.61,172546965
2022-12-20,3246.3,3262.37,3237.72,3253.97,198287070
2022-12-21,3250.86,3262.53,3246.34,3256.19,143885044
2022-12-22,3262.4,3278.88,3256.19,3269.53,150651993
2022-12-23,3257.19,3261.99,3250.16,3257.7,99027700
2022-12-27,3277.58,3277.94,3264.03,3266.38,108508800
2022-12-28,3257.75,3270.33,3256.24,3266.97,121539700
2022-12-29,3255.1,3257,3234.93,3249.24,138022624
2022-12-30,3259.23,3261.88,3247.85,3251.32,106326500
2023-01-03,3243.99,3252.12,3212.63,3245.8,216626089
2023-01-04,3251.42,3256.37,3238.7,3242.46,235212800
2023-01-05,3264.53,3297.34,3262.38,3292.66,364196800
2023-01-06,3290.32,3290.32,3271.08,3276.72,276382400
2023-01-09,3311.67,3343.47,3291.04,3305.67,353167120
2023-01-10,3300.17,3305.56,3258.7,3262.91,332067100
2023-01-11,3277.33,3281.23,3261.49,3271.51,272259700
2023-01-12,3282.79,3283.98,3253.99,3267.78,278185500
2023-01-13,3283.9,3298.08,3273.67,3293.75,267767300
2023-01-16,3304.39,3309.12,3273.65,3283.6,199063500
2023-01-17,3285.39,3291.01,3273.79,3280.51,186019600
2023-01-18,3291.02,3301.29,3280.85,3289.55,210253800
2023-01-19,3281.83,3290.25,3271.87,3276.18,188376368
2023-01-20,3279.01,3305.25,3263.99,3293.71,298960000
2023-01-25,3322.85,3355.87,3318.76,3352.77,282399300
2023-01-26,3363.66,3381.02,3353.83,3377.19,326174787
2023-01-27,3392.08,3395.79,3379.15,3394.21,354663700
2023-01-30,3399.56,3408.19,3365.31,3378.29,345010756
2023-01-31,3375.7,3389.77,3352.08,3365.67,297955600
2023-02-01,3385.36,3389.72,3357.68,3377.65,257922964
2023-02-02,3376.63,3380.72,3353.16,3363.68,279745348
2023-02-03,3373.14,3384.29,3358.46,3384.29,295806300
2023-02-06,3391.59,3392.59,3375.44,3385.93,211423198
2023-02-07,3384.68,3397.32,3374.62,3380.84,244853700
2023-02-08,3378.43,3393.33,3372.62,3388.52,207446400
2023-02-09,3376.05,3382.46,3355.09,3359.48,212095600
2023-02-10,3351.16,3366.85,3334.47,3360.69,200593538
2023-02-13,3368.91,3376.69,3324.7,3324.7,220523179
2023-02-14,3335.22,3341.42,3314.32,3318.2,218919300
2023-02-15,3310.73,3312.84,3271.78,3280.82,267807700
2023-02-16,3286.26,3325.22,3286.26,3311.23,230964800
2023-02-17,3300.66,3330.83,3300.16,3328.37,212004400
2023-02-20,3330.52,3330.66,3307.43,3308.75,189017200
2023-02-21,3313.37,3315.86,3298.3,3306.86,167063600
2023-02-22,3305.88,3309.5,3291.04,3300.04,264438948
2023-02-23,3302.65,3303.44,3264.93,3264.93,979507100
2023-02-24,3264.45,3290.41,3264.45,3282.3,665359293
2023-02-27,3272.17,3285.79,3261.95,3263.24,658618600
2023-02-28,3270,3285.25,3260.58,3262.63,255501644
2023-03-01,3265.5,3275.1,3255.08,3255.08,225948364
2023-03-02,3251.73,3256.24,3225.62,3234.9,283441299
2023-03-03,3244.2,3251.29,3230.42,3232.02,259538500
2023-03-06,3240.47,3246.44,3224.95,3239.31,221476000
2023-03-07,3240.12,3264.72,3233.35,3245.27,213131726
2023-03-08,3241.76,3242.53,3215.58,3226.86,193900898
2023-03-09,3227.21,3232.28,3211.03,3214.51,147295600
2023-03-10,3198.94,3199.94,3169.8,3177.43,243235581
2023-03-13,3165.82,3175.87,3132.37,3132.37,288472900
2023-03-14,3101.29,3139.27,3094.28,3129.75,335200686
2023-03-15,3157.93,3186.92,3157.93,3172.92,278928800
2023-03-16,3142.98,3176.67,3134.03,3155.54,288972900
2023-03-17,3179.66,3185.25,3162.35,3183.28,380882877
2023-03-20,3179.05,3179.05,3123.55,3139.76,261517560
2023-03-21,3162.13,3186.69,3157.81,3173.93,219298094
2023-03-22,3193.68,3228.61,3189.65,3220.98,305639682
2023-03-23,3204.84,3223.03,3191.99,3219,214949329
2023-03-24,3210.97,3223.93,3200.9,3212.64,198778900
2023-03-27,3225.7,3247.5,3223.45,3239.03,267251500
2023-03-28,3255.22,3266.98,3243.25,3255.54,238082400
2023-03-29,3254.47,3270.38,3242.49,3262.54,243330117
2023-03-30,3256.73,3262.67,3238.98,3257.18,216975628
2023-03-31,3265.01,3273.47,3255.59,3258.9,333549242
2023-04-03,3272.48,3287.44,3263.36,3281.08,332792043
2023-04-04,3294.73,3316.17,3288.95,3311.12,258998600
2023-04-05,3312.13,3331.66,3301.09,3318.87,254315965
2023-04-06,3311.34,3314.74,3291.65,3300.48,188274713
2023-04-10,3306.61,3311.05,3288.72,3294.43,94688200
2023-04-11,3296.47,3309.17,3287.23,3297.83,159879854
2023-04-12,3302.94,3302.95,3278.21,3286.12,178783573
2023-04-13,3282.59,3297.05,3280.07,3294.54,188390700
2023-04-14,3305.67,3315.85,3300.82,3302.66,161832600
2023-04-17,3307.46,3319.26,3299.28,3319.26,145049900
2023-04-18,3314.19,3323.27,3298.73,3309.56,186404318
2023-04-19,3310.4,3326.15,3307.36,3324.05,214959800
2023-04-20,3321.06,3329.52,3305.33,3313.41,219445516
2023-04-21,3308.43,3321.82,3300.86,3321.82,174661224
2023-04-24,3320.25,3326.88,3307.78,3324.55,209144452
2023-04-25,3319.72,3325.45,3288.59,3296.56,258832726
2023-04-26,3285.58,3299.33,3281.32,3293.91,186899660
2023-04-27,3275.27,3287.08,3271.31,3282.03,196615789
2023-04-28,3281.25,3284.94,3266.11,3270.51,202686587
2023-05-02,3291.43,3309.68,3273.99,3281.99,246144319
2023-05-03,3260.98,3266.23,3243.6,3262.01,219332029
2023-05-04,3254.49,3269.36,3249.39,3269.18,183350278
2023-05-05,3267.17,3271.15,3258.65,3266.63,154136500
2023-05-08,3274.29,3276.19,3253.5,3257.66,164718700
2023-05-09,3253.11,3254.29,3237.64,3242.95,199620400
2023-05-10,3255.61,3257.88,3237.09,3242.29,167143820
2023-05-11,3243.68,3247.45,3219.92,3229.55,225704600
2023-05-12,3221.82,3223.87,3196.09,3208.55,322136200
2023-05-15,3207.04,3216.31,3196.86,3214.72,270304200
2023-05-16,3226.78,3227.89,3206.22,3214.04,199919900
2023-05-17,3205.76,3208.92,3168.79,3173.84,328265900
2023-05-18,3186.43,3196.48,3179.67,3182.55,233337900
2023-05-19,3185.26,3207.24,3184.91,3202.59,227645084
2023-05-22,3202.1,3211.14,3188.44,3211.09,191201700
2023-05-23,3216.08,3232.29,3200.73,3218.08,194663461
2023-05-24,3210.27,3214.21,3204.74,3214.21,205553288
2023-05-25,3204.24,3213.23,3195.95,3207.72,219887800
2023-05-26,3206.39,3213.86,3201,3207.39,204062650
2023-05-29,3225.46,3231.64,3192.48,3195.22,224165200
2023-05-30,3194.33,3203.9,3186.17,3187.56,184826700
